taavg,hmavg,rf,iqty,ymd
13.7,72.9,0.0,38.2,2008-09-28
16.6,70.9,0.0,38.9,2008-09-29
15.0,79.3,0.0,30.5,2008-09-30
17.1,73.3,0.0,53.3,2008-10-01
17.6,72.4,0.0,11.6,2008-10-02
16.7,81.0,0.0,29.0,2008-10-03
17.6,79.4,0.0,46.0,2008-10-04
18.5,79.3,2.0,30.2,2008-10-05
17.2,75.7,0.0,36.4,2008-10-06
15.9,74.8,0.0,28.5,2008-10-07
16.2,73.4,0.0,20.5,2008-10-08
17.4,69.8,0.0,36.9,2008-10-09
16.2,85.2,2.0,11.5,2008-10-10
11.2,69.0,0.0,30.7,2008-10-11
11.1,72.9,0.0,30.9,2008-10-12
11.2,77.8,0.0,26.6,2008-10-13
12.6,78.5,0.0,10.8,2008-10-14
13.3,81.2,0.0,27.4,2008-10-15
15.5,81.1,0.0,31.6,2008-10-16
15.7,78.3,0.0,23.4,2008-10-17
15.7,75.3,0.0,22.2,2008-10-18
14.6,76.0,0.0,14.7,2008-10-19
15.7,76.2,0.0,19.3,2008-10-20
16.6,64.6,0.0,19.4,2008-10-21
16.3,79.3,2.0,18.9,2008-10-22
17.9,85.9,4.0,19.2,2008-10-23
11.8,60.2,0.0,19.1,2008-10-24
10.6,69.5,3.0,6.5,2008-10-25
12.6,60.5,0.0,39.0,2008-10-26
9.1,63.2,0.0,27.9,2008-10-27
8.5,71.8,0.0,3.7,2008-10-28
10.1,70.8,13.382,19.9,2008-10-29
8.9,66.3,0.0,28.4,2008-10-30
8.3,90.1,0.0,23.8,2008-10-31
9.6,78.8,0.0,23.1,2008-11-01
11.7,73.3,0.0,7.0,2008-11-02
9.5,70.0,0.0,27.8,2008-11-03
5.4,55.1,0.0,12.5,2008-11-04
7.2,63.0,0.0,20.4,2008-11-05
12.5,74.2,0.0,5.9,2008-11-06
12.5,84.5,0.0,20.2,2008-11-07
11.0,67.6,0.0,23.8,2008-11-08
10.4,71.6,0.0,7.7,2008-11-09
9.3,63.7,0.0,5.5,2008-11-10
7.7,66.3,0.0,13.2,2008-11-11
6.0,71.2,0.0,14.4,2008-11-12
7.2,69.5,0.0,22.0,2008-11-13
7.8,75.5,0.0,6.3,2008-11-14
9.4,77.3,0.0,17.3,2008-11-15
7.8,73.3,0.0,24.4,2008-11-16
3.1,62.0,0.0,8.2,2008-11-17
-1.9,39.2,0.0,0.6,2008-11-18
-4.0,41.4,0.0,16.2,2008-11-19
-1.8,73.8,0.0,1.4,2008-11-20
2.5,63.7,0.0,16.1,2008-11-21
1.5,67.3,0.0,24.0,2008-11-22
5.1,68.3,0.0,9.1,2008-11-23
4.6,77.0,0.0,10.5,2008-11-24
3.8,80.5,0.0,11.1,2008-11-25
4.6,73.6,0.0,18.6,2008-11-26
3.8,83.9,0.0,11.6,2008-11-27
5.2,83.1,0.0,11.6,2008-11-28
3.3,62.2,0.0,10.4,2008-11-29
0.0,61.6,0.0,10.2,2008-11-30
4.8,63.5,0.0,17.4,2008-12-01
7.5,63.3,0.0,2.4,2008-12-02
4.0,64.5,0.0,24.4,2008-12-03
5.7,74.9,3.0,24.4,2008-12-04
-4.5,39.0,0.0,3.2,2008-12-05
-9.2,42.3,0.0,3.8,2008-12-06
-3.6,65.5,0.0,18.2,2008-12-07
3.8,70.6,0.0,9.8,2008-12-08
4.9,69.8,0.0,9.5,2008-12-09
6.2,76.2,0.0,10.4,2008-12-10
4.4,67.0,2.0,10.3,2008-12-11
1.3,71.2,0.0,17.8,2008-12-12
0.9,72.2,0.0,11.3,2008-12-13
-3.3,57.7,0.0,27.6,2008-12-14
-0.9,63.6,0.0,18.0,2008-12-15
-0.9,74.5,0.0,10.9,2008-12-16
4.4,75.9,1.0,4.2,2008-12-17
-0.1,64.4,0.0,5.8,2008-12-18
-2.4,73.6,0.0,11.7,2008-12-19
1.4,75.5,6.0,36.3,2008-12-20
-0.1,69.4,0.0,19.7,2008-12-21
-3.4,50.8,0.0,11.7,2008-12-22
-2.8,71.5,1.0,4.6,2008-12-23
0.6,73.1,0.0,4.5,2008-12-24
0.5,43.5,0.0,12.0,2008-12-25
-6.2,45.8,0.0,5.3,2008-12-26
-5.5,58.8,0.0,5.7,2008-12-27
-1.3,65.0,0.0,5.8,2008-12-28
0.0,77.1,0.0,5.6,2008-12-29
-2.6,54.2,0.0,6.0,2008-12-30
-6.4,57.5,0.0,6.4,2008-12-31
-7.3,56.9,0.0,3.8,2009-01-01
-6.6,64.7,0.0,21.7,2009-01-02
-5.3,64.6,0.0,7.7,2009-01-03
-2.9,60.6,0.0,13.9,2009-01-04
-3.8,71.6,0.0,13.4,2009-01-05
-4.5,69.9,0.0,6.9,2009-01-06
-4.3,66.0,0.0,7.0,2009-01-07
-4.5,63.5,0.0,0.8,2009-01-08
-5.9,60.3,0.0,1.1,2009-01-09
-8.0,57.6,0.0,7.8,2009-01-10
-7.9,51.6,0.0,9.0,2009-01-11
-7.4,49.2,0.0,8.0,2009-01-12
-7.8,56.1,0.0,1.1,2009-01-13
-7.1,57.9,0.0,1.4,2009-01-14
-9.8,47.5,0.0,8.8,2009-01-15
-4.9,72.3,0.0,2.0,2009-01-16
-1.1,78.5,0.0,15.6,2009-01-17
0.3,88.6,15.0,8.2,2009-01-18
-0.1,61.3,0.0,2.3,2009-01-19
0.1,60.5,0.0,2.3,2009-01-20
-0.1,72.4,0.0,3.2,2009-01-21
0.8,71.6,0.0,3.4,2009-01-22
-6.6,41.9,0.0,0.0,2009-01-23
-8.8,74.8,0.0,1.0,2009-01-24
-5.8,74.3,1.0,2.3,2009-01-25
-3.7,72.0,1.0,10.9,2009-01-26
-6.0,67.9,2.0,18.0,2009-01-27
-4.3,67.7,1.0,5.6,2009-01-28
-2.1,72.1,0.0,5.7,2009-01-29
3.5,69.6,0.0,1.4,2009-01-30
3.6,64.1,0.0,9.6,2009-01-31
2.2,67.6,0.0,3.3,2009-02-01
2.7,77.4,0.0,3.5,2009-02-02
5.8,74.6,0.0,18.2,2009-02-03
2.6,74.0,0.0,5.5,2009-02-04
2.1,72.5,0.0,5.9,2009-02-05
1.4,77.4,0.0,6.0,2009-02-06
0.7,83.0,0.0,5.4,2009-02-07
3.4,71.3,0.0,23.9,2009-02-08
3.3,63.3,0.0,19.3,2009-02-09
3.0,71.5,0.0,6.8,2009-02-10
3.6,73.5,0.0,6.8,2009-02-11
5.8,58.9,0.0,7.3,2009-02-12
14.0,75.7,4.0,14.0,2009-02-13
4.6,77.5,0.0,32.0,2009-02-14
0.0,63.3,0.0,23.8,2009-02-15
-4.9,32.5,9.0,82.1,2009-02-16
-5.3,47.4,0.0,69.4,2009-02-17
-3.4,57.0,0.0,20.2,2009-02-18
0.2,66.2,0.0,32.0,2009-02-19
-1.0,65.7,0.0,2.0,2009-02-20
-3.2,58.8,0.0,24.2,2009-02-21
0.4,70.0,0.0,36.6,2009-02-22
4.7,68.3,0.0,7.9,2009-02-23
7.1,68.9,0.0,8.4,2009-02-24
5.2,58.2,0.0,15.2,2009-02-25
2.1,49.1,0.0,20.8,2009-02-26
3.6,45.1,0.0,15.1,2009-02-27
3.1,49.6,0.0,6.9,2009-02-28
2.7,46.1,0.0,31.7,2009-03-01
2.8,52.0,0.0,9.6,2009-03-02
2.4,83.6,0.0,3.9,2009-03-03
4.0,67.0,0.0,16.1,2009-03-04
4.7,78.4,0.0,10.6,2009-03-05
3.2,56.7,12.0,17.0,2009-03-06
0.9,47.8,0.0,21.6,2009-03-07
4.4,49.1,0.0,20.5,2009-03-08
5.4,59.3,0.0,5.0,2009-03-09
4.3,48.7,0.0,10.9,2009-03-10
2.5,44.0,0.0,28.8,2009-03-11
6.5,44.4,1.0,28.5,2009-03-12
4.4,77.2,17.0,6.0,2009-03-13
-0.4,39.7,0.0,14.9,2009-03-14
3.9,56.1,0.0,38.0,2009-03-15
11.2,58.4,0.0,17.5,2009-03-16
11.7,51.0,0.0,11.9,2009-03-17
18.6,55.7,0.0,45.8,2009-03-18
12.4,46.3,0.0,18.3,2009-03-20
13.5,48.9,4.0,38.7,2009-03-21
10.6,83.1,13.0,32.6,2009-03-22
5.2,58.6,0.0,80.4,2009-03-23
2.2,52.5,0.0,114.3,2009-03-24
2.3,46.9,0.0,75.4,2009-03-25
4.2,61.3,3.0,57.8,2009-03-26
2.9,46.0,0.0,80.5,2009-03-27
4.2,41.3,0.0,38.5,2009-03-28
4.9,48.0,0.0,61.1,2009-03-29
7.0,63.0,4.0,34.8,2009-03-30
5.5,62.3,5.0,40.1,2009-03-31
4.4,57.8,0.0,51.9,2009-04-01
6.4,52.5,0.0,46.4,2009-04-02
8.2,43.0,0.0,62.8,2009-04-03
7.8,59.3,0.0,49.2,2009-04-04
8.4,59.9,0.0,32.7,2009-04-05
9.9,46.9,0.0,35.0,2009-04-06
12.4,43.3,0.0,63.3,2009-04-07
14.6,39.7,0.0,34.8,2009-04-08
15.6,40.8,0.0,54.0,2009-04-09
15.9,41.0,0.0,46.5,2009-04-10
16.2,36.3,0.0,55.1,2009-04-11
15.6,40.5,0.0,25.9,2009-04-12
15.3,47.8,0.0,40.9,2009-04-13
12.3,58.8,0.0,35.3,2009-04-14
8.8,83.5,5.0,46.5,2009-04-15
11.7,65.7,0.0,35.3,2009-04-16
12.0,53.2,0.0,46.3,2009-04-17
13.7,43.0,0.0,21.9,2009-04-18
18.2,39.8,0.0,44.2,2009-04-19
16.1,64.9,10.0,41.4,2009-04-20
10.9,68.5,1.0,58.3,2009-04-21
10.7,57.1,0.0,90.9,2009-04-22
12.2,57.0,3.991,135.2,2009-04-23
12.8,65.8,5.0,68.7,2009-04-24
9.0,85.2,7.0,82.8,2009-04-25
9.0,65.5,0.0,66.8,2009-04-26
10.0,66.6,0.0,85.4,2009-04-27
10.5,66.7,1.0,76.8,2009-04-28
13.3,52.8,0.0,77.6,2009-04-29
14.3,44.5,0.0,54.6,2009-04-30
15.7,47.5,0.0,47.6,2009-05-01
15.6,72.5,0.0,54.8,2009-05-02
18.2,64.7,1.0,76.9,2009-05-03
16.8,59.7,0.0,30.8,2009-05-04
16.9,59.0,0.0,30.7,2009-05-05
19.9,51.6,0.0,69.2,2009-05-06
19.2,43.6,0.0,13.9,2009-05-07
19.5,48.9,0.0,28.0,2009-05-08
20.5,41.3,0.0,27.3,2009-05-09
19.3,40.5,0.0,43.3,2009-05-10
19.0,59.8,1.0,15.0,2009-05-11
17.0,87.3,10.0,36.3,2009-05-12
17.1,52.8,0.0,37.3,2009-05-13
17.0,46.4,0.0,15.3,2009-05-14
17.7,52.9,0.0,31.6,2009-05-15
13.4,85.1,38.0,49.3,2009-05-16
13.8,80.5,10.0,97.4,2009-05-17
15.0,57.9,0.0,210.5,2009-05-18
18.1,59.8,0.0,190.2,2009-05-19
20.1,62.5,0.0,129.9,2009-05-20
16.2,81.9,30.0,168.9,2009-05-21
18.7,70.8,1.0,180.4,2009-05-22
16.3,79.7,2.0,188.5,2009-05-23
17.7,70.5,0.0,150.4,2009-05-24
20.3,64.3,0.0,142.8,2009-05-25
21.9,60.6,0.0,103.0,2009-05-26
21.7,46.3,0.0,87.1,2009-05-27
21.6,39.5,0.0,75.1,2009-05-28
20.3,43.3,0.0,74.7,2009-05-29
19.2,53.0,0.0,54.3,2009-05-30
18.6,44.7,0.0,37.5,2009-05-31
20.9,44.8,0.0,62.6,2009-06-01
18.9,76.3,6.0,62.4,2009-06-03
20.3,66.3,0.0,84.8,2009-06-04
21.0,61.7,1.0,102.1,2009-06-05
21.7,56.8,0.0,89.8,2009-06-06
18.4,74.9,1.0,72.6,2009-06-07
19.7,67.5,0.0,78.8,2009-06-08
20.2,72.1,9.0,67.8,2009-06-09
19.4,81.1,14.0,67.0,2009-06-10
21.0,53.9,0.0,72.7,2009-06-11
21.3,38.2,0.0,90.0,2009-06-12
18.3,61.3,0.0,55.9,2009-06-13
19.7,69.6,0.0,67.4,2009-06-14
21.6,63.6,0.0,66.8,2009-06-15
21.6,63.9,0.0,50.3,2009-06-16
22.0,68.8,0.0,41.9,2009-06-17
25.3,58.0,0.0,59.1,2009-06-18
25.7,59.8,0.0,41.9,2009-06-19
23.1,80.3,9.0,42.9,2009-06-20
24.0,64.8,0.0,53.6,2009-06-22
23.8,55.2,0.0,60.0,2009-06-23
23.5,51.6,0.0,43.0,2009-06-24
23.5,47.9,0.0,54.3,2009-06-25
24.3,56.0,0.0,32.3,2009-06-26
26.0,60.8,0.0,38.0,2009-06-27
25.8,71.6,0.0,32.8,2009-06-28
25.4,72.8,23.0,64.3,2009-06-29
24.1,63.2,0.0,44.5,2009-07-01
21.0,76.8,3.0,44.2,2009-07-02
22.0,71.4,2.0,54.7,2009-07-03
23.0,70.7,1.0,82.5,2009-07-04
24.2,70.9,1.0,71.4,2009-07-05
25.1,69.8,0.0,49.9,2009-07-06
22.7,81.7,9.0,71.7,2009-07-07
25.7,70.3,0.0,60.7,2009-07-08
23.6,84.8,74.0,347.5,2009-07-09
23.2,71.6,0.0,1957.7,2009-07-10
23.1,75.5,3.0,795.4,2009-07-11
22.7,84.9,101.0,2811.3,2009-07-12
24.8,76.3,1.0,4519.1,2009-07-13
25.0,81.9,48.0,1644.9,2009-07-14
22.6,79.3,3.0,5012.7,2009-07-15
23.6,81.6,0.0,1931.0,2009-07-16
25.0,85.1,0.0,1114.4,2009-07-17
27.5,71.5,34.0,1167.5,2009-07-18
25.3,78.0,1.0,2291.4,2009-07-19
25.5,81.2,2.0,1212.4,2009-07-20
25.4,75.8,5.0,578.3,2009-07-21
24.3,71.4,0.0,362.3,2009-07-22
24.4,72.3,0.0,270.9,2009-07-23
22.5,69.3,2.0,225.2,2009-07-24
21.0,79.1,3.0,180.3,2009-07-25
23.2,74.1,0.0,194.6,2009-07-26
24.4,71.3,2.0,157.9,2009-07-27
22.7,77.3,1.0,179.7,2009-07-28
24.2,71.0,0.0,126.9,2009-07-29
25.2,72.9,0.0,105.1,2009-07-30
25.0,77.8,5.0,135.5,2009-07-31
25.6,73.7,0.0,98.1,2009-08-01
25.2,72.5,0.0,97.5,2009-08-02
22.8,75.7,0.0,104.9,2009-08-03
24.4,67.9,0.0,59.1,2009-08-04
25.4,64.3,0.0,66.9,2009-08-05
23.7,74.5,1.0,76.8,2009-08-06
24.8,83.8,0.0,48.1,2009-08-07
26.2,78.3,0.0,31.2,2009-08-08
26.7,69.3,0.0,83.1,2009-08-09
26.4,64.5,19.0,61.0,2009-08-10
24.8,77.6,25.0,56.4,2009-08-11
24.5,88.1,51.0,467.7,2009-08-12
25.5,79.9,1.0,2472.8,2009-08-13
26.0,77.7,0.0,908.9,2009-08-14
26.6,73.9,0.0,518.9,2009-08-15
26.9,59.9,0.0,313.5,2009-08-16
25.5,68.6,0.0,233.0,2009-08-17
26.3,72.3,0.0,185.4,2009-08-18
27.1,74.1,0.0,152.9,2009-08-19
25.9,80.1,22.0,159.4,2009-08-20
23.9,70.0,0.0,160.8,2009-08-21
23.5,68.0,0.0,144.9,2009-08-22
24.2,67.2,0.0,87.8,2009-08-23
23.2,64.0,0.0,128.2,2009-08-24
23.7,68.1,0.0,71.7,2009-08-25
24.3,68.3,0.0,72.2,2009-08-26
24.0,81.8,29.0,120.0,2009-08-27
24.5,70.5,0.0,79.6,2009-08-28
21.7,68.1,0.0,94.2,2009-08-29
20.9,68.6,0.0,78.1,2009-08-30
20.8,67.5,0.0,45.8,2009-08-31
21.4,63.5,0.0,72.8,2009-09-01
21.7,61.3,0.0,40.1,2009-09-02
21.5,67.3,0.0,57.0,2009-09-03
22.0,71.7,0.0,40.9,2009-09-04
23.4,70.7,0.0,46.1,2009-09-05
23.8,72.0,0.0,37.6,2009-09-06
22.9,78.4,3.0,38.4,2009-09-07
23.7,66.7,0.0,41.5,2009-09-08
21.9,66.7,0.0,33.2,2009-09-09
20.0,67.9,0.0,32.8,2009-09-10
19.4,76.9,0.0,40.7,2009-09-11
17.8,84.0,23.0,45.9,2009-09-12
18.2,78.6,0.0,61.9,2009-09-13
17.3,83.6,4.0,25.4,2009-09-14
17.9,79.5,0.0,35.1,2009-09-15
19.1,75.1,0.0,35.0,2009-09-16
19.2,73.3,0.0,25.4,2009-09-17
20.0,66.9,0.0,33.2,2009-09-18
20.4,54.9,0.0,23.2,2009-09-19
19.8,63.6,0.0,31.0,2009-09-20
18.5,84.0,3.0,25.3,2009-09-21
18.7,71.2,0.0,25.2,2009-09-22
20.0,74.7,0.0,18.0,2009-09-23
19.3,77.1,0.0,33.3,2009-09-24
19.0,81.8,0.0,26.1,2009-09-25
21.2,71.8,0.0,25.9,2009-09-26
19.4,80.5,8.0,25.7,2009-09-27
19.0,84.4,23.0,97.3,2009-09-28
19.7,79.4,0.0,49.9,2009-09-29
19.4,77.2,0.0,57.5,2009-09-30
18.8,75.4,0.0,25.5,2009-10-01
18.0,72.5,0.0,57.3,2009-10-02
15.0,61.8,0.0,18.0,2009-10-03
15.7,61.3,0.0,17.8,2009-10-04
13.6,69.8,0.0,33.9,2009-10-05
14.8,64.3,0.0,19.2,2009-10-07
14.7,59.2,0.0,26.6,2009-10-08
12.9,65.1,0.0,18.4,2009-10-09
12.9,71.2,0.0,18.4,2009-10-10
13.3,72.7,0.0,11.5,2009-10-11
13.5,70.7,0.0,18.8,2009-10-12
11.6,80.5,10.0,27.4,2009-10-13
12.5,81.0,0.0,34.3,2009-10-14
12.5,79.2,0.0,18.7,2009-10-15
13.3,75.0,0.0,26.7,2009-10-16
13.3,68.9,11.0,35.2,2009-10-17
11.5,64.9,0.0,3.5,2009-10-18
12.1,64.6,0.0,19.2,2009-10-19
9.7,58.9,4.0,26.8,2009-10-20
10.8,64.0,0.0,18.7,2009-10-21
9.7,71.5,0.0,21.6,2009-10-22
12.6,76.9,0.0,21.7,2009-10-23
14.5,72.4,0.0,22.4,2009-10-24
13.2,71.6,0.0,7.5,2009-10-25
12.2,78.4,0.0,21.9,2009-10-26
14.3,77.5,0.0,29.6,2009-10-27
12.4,74.0,0.0,0.0,2009-10-28
13.4,67.6,0.0,14.6,2009-10-29
15.2,66.8,0.0,14.2,2009-10-30
16.3,74.7,21.0,45.0,2009-10-31
12.0,75.2,9.0,22.1,2009-11-01
2.6,42.5,0.0,7.4,2009-11-02
1.5,56.8,0.0,45.5,2009-11-03
9.8,69.0,0.0,37.4,2009-11-04
13.1,70.8,0.0,45.2,2009-11-05
11.6,74.5,0.0,15.6,2009-11-06
13.8,79.5,0.0,60.3,2009-11-07
15.4,90.1,14.0,30.7,2009-11-08
17.0,76.7,0.0,45.3,2009-11-09
14.5,57.7,0.0,60.3,2009-11-10
10.3,48.0,0.0,47.9,2009-11-11
9.2,50.3,0.0,40.2,2009-11-12
10.1,77.9,2.0,92.3,2009-11-13
7.1,64.9,0.0,77.2,2009-11-14
1.0,51.7,0.0,77.7,2009-11-15
-0.6,47.0,0.0,55.6,2009-11-16
0.3,37.2,0.0,54.9,2009-11-17
-2.7,50.7,0.0,47.9,2009-11-18
0.4,57.7,0.0,54.8,2009-11-19
-0.5,60.8,0.0,25.8,2009-11-20
-0.1,56.3,0.0,25.1,2009-11-21
0.2,61.9,0.0,54.9,2009-11-22
5.4,68.4,0.0,10.2,2009-11-23
3.3,76.5,0.0,18.3,2009-11-24
2.0,84.0,0.0,32.5,2009-11-25
5.2,83.8,0.0,40.3,2009-11-26
6.3,79.0,0.0,10.2,2009-11-27
5.0,78.8,0.0,10.0,2009-11-28
4.7,88.5,6.0,47.6,2009-11-29
4.5,81.6,0.0,10.7,2009-11-30
2.3,84.8,0.0,36.6,2009-12-01
2.6,87.3,0.0,14.8,2009-12-02
2.9,89.4,0.0,22.1,2009-12-03
2.3,84.0,0.0,36.8,2009-12-04
-3.9,46.0,0.0,38.5,2009-12-06
-3.9,63.5,0.0,15.5,2009-12-07
-1.9,74.3,0.0,15.2,2009-12-08
2.6,75.3,1.0,29.7,2009-12-09
7.9,84.9,12.0,29.7,2009-12-10
7.8,91.0,4.0,22.8,2009-12-11
5.7,78.9,0.0,74.5,2009-12-12
2.2,76.2,0.0,31.2,2009-12-13
-1.0,54.4,0.0,51.6,2009-12-14
-2.8,34.0,0.0,65.8,2009-12-15
-6.3,39.9,0.0,15.5,2009-12-16
-6.3,48.7,0.0,37.1,2009-12-17
-8.3,49.5,0.0,37.4,2009-12-18
-6.7,54.6,0.0,10.0,2009-12-19
-5.4,63.8,0.0,16.9,2009-12-20
-6.2,50.2,0.0,22.0,2009-12-21
0.9,61.3,0.0,30.5,2009-12-22
3.0,80.8,0.0,16.8,2009-12-23
0.3,87.5,0.0,16.7,2009-12-24
-0.2,86.4,1.0,38.1,2009-12-25
-5.4,52.7,0.0,3.6,2009-12-26
-7.2,70.4,0.0,11.2,2009-12-27
-8.8,66.9,0.0,22.7,2009-12-28
-5.2,66.3,0.0,24.8,2009-12-29
-1.2,63.6,0.0,12.0,2009-12-30
-8.8,44.5,0.0,25.0,2009-12-31
-8.6,55.4,0.0,9.5,2010-01-01
-3.3,79.7,1.0,2.4,2010-01-02
-6.4,61.2,0.0,30.2,2010-01-03
-4.2,86.7,18.0,2.8,2010-01-04
-8.8,71.5,0.0,16.7,2010-01-05
-13.7,71.8,0.0,16.6,2010-01-06
-13.7,72.6,0.0,17.2,2010-01-07
-11.9,74.5,0.0,10.0,2010-01-08
-8.2,81.0,0.0,4.3,2010-01-09
-5.7,81.0,0.0,24.5,2010-01-10
-4.9,76.5,0.0,10.2,2010-01-11
-8.4,56.8,0.0,4.0,2010-01-12
-11.9,50.2,0.0,17.7,2010-01-13
-11.6,62.3,0.0,17.9,2010-01-14
-6.4,71.8,0.0,3.6,2010-01-15
-9.1,68.4,0.0,18.0,2010-01-16
-8.3,66.4,0.0,18.6,2010-01-17
-6.1,76.4,0.0,5.2,2010-01-18
-1.8,76.5,0.0,17.0,2010-01-19
3.4,91.1,26.0,25.1,2010-01-20
-0.6,69.1,11.0,71.5,2010-01-21
-5.5,52.5,0.0,65.1,2010-01-22
-4.9,55.7,0.0,85.4,2010-01-23
-1.4,67.7,0.0,58.8,2010-01-24
-0.3,51.9,0.0,31.9,2010-01-25
-5.2,54.2,0.0,45.4,2010-01-26
-1.7,74.3,0.0,27.6,2010-01-27
1.8,68.2,0.0,40.8,2010-01-28
-2.0,56.1,0.0,36.6,2010-01-29
-0.7,69.4,0.0,10.0,2010-01-30
0.1,77.4,0.0,44.2,2010-01-31
0.5,79.6,0.0,32.7,2010-02-01
-3.5,36.6,0.0,19.3,2010-02-02
-7.3,36.2,0.0,13.6,2010-02-03
-5.0,55.1,0.0,1.4,2010-02-04
-4.4,44.8,0.0,46.6,2010-02-05
-5.9,47.9,0.0,1.1,2010-02-06
-2.0,45.3,0.0,34.3,2010-02-07
1.9,67.3,0.0,2.2,2010-02-08
3.0,92.8,0.0,34.6,2010-02-09
3.8,89.8,29.0,82.3,2010-02-10
1.8,75.8,11.0,64.1,2010-02-11
0.5,77.3,0.0,76.7,2010-02-12
-2.2,73.5,3.0,51.7,2010-02-13
-3.7,72.5,0.0,51.9,2010-02-14
-3.2,63.2,0.0,64.7,2010-02-15
-3.9,56.1,0.0,44.7,2010-02-16
-3.9,54.4,0.0,25.6,2010-02-17
-2.8,60.9,1.0,44.5,2010-02-18
-3.2,60.2,0.0,31.9,2010-02-19
0.5,64.3,0.0,31.5,2010-02-20
2.0,65.4,0.0,31.2,2010-02-21
2.0,78.7,0.0,19.1,2010-02-22
3.7,65.9,0.0,44.4,2010-02-23
8.8,58.0,0.0,25.9,2010-02-24
13.8,85.3,25.0,143.9,2010-02-25
10.1,83.7,1.0,323.9,2010-02-26
6.2,71.0,0.0,352.0,2010-02-27
5.3,78.0,0.0,250.2,2010-02-28
4.0,76.1,25.0,206.7,2010-03-01
3.6,77.2,0.0,192.7,2010-03-02
5.0,59.8,0.0,151.3,2010-03-03
5.6,71.0,0.0,151.6,2010-03-04
5.8,84.4,10.0,118.0,2010-03-05
5.1,73.5,0.0,88.1,2010-03-06
4.3,53.9,0.0,176.5,2010-03-07
2.5,55.2,0.0,118.0,2010-03-08
1.9,74.5,1.0,103.8,2010-03-09
-1.6,85.7,7.0,111.2,2010-03-10
0.9,66.5,0.0,120.9,2010-03-11
6.1,68.4,0.0,67.4,2010-03-12
3.4,41.1,0.0,64.3,2010-03-13
6.6,56.7,0.0,77.1,2010-03-14
9.6,77.1,12.0,165.7,2010-03-15
1.8,42.5,0.0,508.9,2010-03-16
-0.1,60.9,6.0,433.1,2010-03-17
0.2,68.0,2.0,270.7,2010-03-18
2.6,56.0,0.0,216.3,2010-03-19
8.0,68.3,2.0,161.3,2010-03-20
3.1,42.5,0.0,195.6,2010-03-21
1.8,75.3,1.0,147.0,2010-03-22
5.2,74.4,0.0,173.9,2010-03-23
8.8,50.4,0.0,112.7,2010-03-24
4.0,72.6,9.0,153.0,2010-03-25
1.9,41.7,0.0,93.9,2010-03-26
5.6,66.1,0.0,140.7,2010-03-27
5.8,50.0,0.0,112.4,2010-03-28
4.7,50.7,0.0,107.8,2010-03-29
7.4,51.8,0.0,108.6,2010-03-30
8.0,81.4,18.0,109.2,2010-03-31
8.3,88.7,12.0,170.3,2010-04-01
5.9,49.6,0.0,309.0,2010-04-02
4.9,40.6,0.0,305.0,2010-04-03
7.2,46.3,0.0,235.1,2010-04-04
10.1,54.6,0.0,179.0,2010-04-05
9.2,63.5,0.0,154.8,2010-04-06
6.0,48.8,0.0,161.9,2010-04-07
8.8,48.6,0.0,135.2,2010-04-08
10.6,47.1,0.0,114.0,2010-04-09
10.2,61.5,0.0,94.2,2010-04-10
12.9,51.7,0.0,122.5,2010-04-11
13.3,52.3,1.0,103.4,2010-04-12
6.0,53.3,4.0,103.9,2010-04-13
4.1,31.8,0.0,97.0,2010-04-14
5.7,37.8,0.0,98.8,2010-04-15
7.0,40.8,0.0,87.6,2010-04-16
7.5,45.3,0.0,61.2,2010-04-17
11.3,49.8,0.0,56.0,2010-04-18
16.0,44.5,0.0,79.7,2010-04-19
16.6,61.0,0.0,54.7,2010-04-20
13.9,59.4,5.0,85.5,2010-04-21
9.8,68.1,7.0,66.0,2010-04-22
8.1,77.3,14.0,105.1,2010-04-23
9.7,60.9,0.0,122.5,2010-04-24
11.6,47.6,0.0,80.1,2010-04-25
12.6,61.3,11.0,92.3,2010-04-26
9.6,67.5,6.0,141.9,2010-04-27
5.2,72.5,10.0,216.1,2010-04-28
9.1,51.6,3.0,244.8,2010-04-29
10.3,54.1,0.0,215.5,2010-04-30
10.8,54.3,0.0,207.7,2010-05-01
15.4,48.6,0.0,183.1,2010-05-02
19.9,63.1,0.0,164.2,2010-05-03
20.3,64.1,0.0,138.9,2010-05-04
20.9,54.6,0.0,136.0,2010-05-05
17.6,70.7,2.0,104.7,2010-05-06
15.1,48.1,0.0,116.5,2010-05-07
16.1,48.4,0.0,116.6,2010-05-08
18.6,46.8,0.0,79.3,2010-05-09
17.7,45.8,0.0,105.0,2010-05-10
13.9,57.1,0.0,62.1,2010-05-11
13.7,60.8,0.0,79.6,2010-05-12
15.3,54.6,0.0,56.2,2010-05-13
17.1,47.2,0.0,51.4,2010-05-14
15.9,53.2,0.0,51.8,2010-05-15
17.0,53.5,0.0,57.7,2010-05-16
20.6,55.0,3.0,52.1,2010-05-17
18.2,88.0,58.0,124.2,2010-05-18
19.8,74.5,4.0,255.8,2010-05-19
20.1,60.7,0.0,243.9,2010-05-20
21.2,57.5,0.0,188.6,2010-05-21
19.5,61.8,5.0,134.2,2010-05-22
16.0,85.2,19.0,202.5,2010-05-23
14.5,89.3,13.0,279.8,2010-05-24
14.4,88.4,2.0,484.8,2010-05-25
16.1,65.8,0.0,467.0,2010-05-26
16.4,57.4,0.0,322.1,2010-05-27
16.8,64.2,0.0,260.3,2010-05-28
19.3,52.8,0.0,197.5,2010-05-29
19.2,41.4,0.0,150.3,2010-05-30
16.7,44.7,0.0,156.0,2010-05-31
17.5,50.0,0.0,105.8,2010-06-01
19.2,58.5,0.0,95.3,2010-06-02
20.6,60.0,0.0,85.3,2010-06-03
21.7,58.0,0.0,99.3,2010-06-04
22.0,58.1,0.0,34.7,2010-06-05
22.8,62.9,0.0,70.6,2010-06-06
23.2,46.9,0.0,57.1,2010-06-07
22.5,41.7,0.0,77.4,2010-06-08
23.6,49.6,0.0,46.9,2010-06-09
24.1,51.3,0.0,42.0,2010-06-10
24.0,46.1,0.0,43.4,2010-06-11
20.3,77.0,12.0,51.1,2010-06-12
23.4,73.0,0.0,30.0,2010-06-13
24.2,72.3,0.0,73.3,2010-06-14
24.0,74.4,0.0,47.1,2010-06-15
22.8,73.7,0.0,62.7,2010-06-16
23.8,76.1,0.0,57.8,2010-06-17
25.7,64.5,0.0,47.4,2010-06-18
22.7,77.1,1.0,42.5,2010-06-19
22.7,79.8,22.0,100.4,2010-06-20
22.1,76.3,0.0,94.5,2010-06-21
21.9,58.1,0.0,32.9,2010-06-22
22.6,53.2,0.0,54.6,2010-06-23
23.1,60.8,0.0,49.8,2010-06-24
25.2,56.7,0.0,38.8,2010-06-25
24.3,67.3,2.0,44.0,2010-06-26
23.1,86.5,3.0,28.8,2010-06-27
24.4,72.6,0.0,44.0,2010-06-28
24.3,74.3,0.0,34.5,2010-06-29
23.7,82.6,1.0,40.7,2010-06-30
26.0,76.9,0.0,29.9,2010-07-01
25.1,86.7,16.0,50.3,2010-07-02
24.6,91.4,7.0,65.4,2010-07-03
24.8,83.3,2.0,55.5,2010-07-04
25.7,79.8,0.0,90.8,2010-07-05
25.7,66.2,0.0,60.1,2010-07-06
25.3,65.3,0.0,51.5,2010-07-07
24.4,73.4,1.0,45.2,2010-07-08
24.6,70.0,0.0,50.2,2010-07-09
25.4,65.6,0.0,34.7,2010-07-10
22.7,74.1,7.0,60.2,2010-07-11
23.6,73.3,0.0,34.8,2010-07-12
25.0,67.0,0.0,40.7,2010-07-13
25.6,68.0,1.0,45.6,2010-07-14
25.7,71.2,0.0,40.1,2010-07-15
24.9,80.5,17.0,55.3,2010-07-16
24.5,89.3,40.0,114.8,2010-07-17
27.7,69.9,0.0,250.8,2010-07-18
27.9,68.9,1.0,192.2,2010-07-19
28.8,66.0,0.0,136.7,2010-07-20
28.8,66.2,11.0,100.3,2010-07-21
28.3,70.0,0.0,116.2,2010-07-22
24.7,83.8,5.0,100.9,2010-07-23
24.9,83.3,1.0,90.7,2010-07-24
25.5,81.1,36.0,90.5,2010-07-25
25.2,83.5,0.0,91.6,2010-07-26
26.4,73.9,0.0,81.0,2010-07-27
24.3,81.2,1.0,75.8,2010-07-28
26.4,80.1,0.0,65.6,2010-07-29
26.6,80.0,0.0,59.9,2010-07-30
27.0,77.8,0.0,49.5,2010-07-31
28.8,74.5,0.0,46.4,2010-08-01
27.4,84.6,0.0,49.7,2010-08-02
27.4,79.3,0.0,44.7,2010-08-03
29.2,75.1,11.0,54.8,2010-08-04
28.9,76.6,0.0,49.8,2010-08-05
26.3,89.0,13.0,65.3,2010-08-06
26.9,82.2,1.0,85.6,2010-08-07
27.5,75.7,0.0,85.7,2010-08-08
28.1,72.8,0.0,70.3,2010-08-09
26.1,85.3,19.0,102.1,2010-08-10
28.2,74.0,1.0,186.2,2010-08-11
25.4,75.8,0.0,203.3,2010-08-12
26.0,88.0,11.0,178.4,2010-08-13
27.3,83.7,13.0,200.9,2010-08-14
26.9,80.6,114.0,974.0,2010-08-15
24.2,88.8,2.0,816.0,2010-08-16
25.7,72.8,0.0,448.7,2010-08-17
26.4,82.3,30.0,519.3,2010-08-18
28.2,77.4,0.0,505.5,2010-08-19
28.7,76.8,0.0,301.1,2010-08-20
28.5,75.5,0.0,218.7,2010-08-21
28.4,73.5,0.0,161.2,2010-08-22
27.2,81.7,1.0,142.9,2010-08-23
25.1,87.9,25.0,150.3,2010-08-24
24.8,86.0,8.0,256.4,2010-08-25
24.6,86.9,10.0,421.1,2010-08-26
26.5,78.0,0.0,775.2,2010-08-27
27.9,67.3,0.0,509.9,2010-08-28
26.3,78.5,47.0,409.0,2010-08-29
24.8,87.2,1.0,413.0,2010-08-30
24.5,90.1,35.0,518.0,2010-08-31
27.1,76.6,2.0,575.9,2010-09-01
26.1,79.4,14.0,675.5,2010-09-02
26.6,80.5,44.0,684.2,2010-09-03
26.6,79.6,0.0,598.9,2010-09-04
25.6,84.0,56.0,476.8,2010-09-05
23.3,90.0,3.065,727.9,2010-09-06
24.7,67.3,3.043,1189.7,2010-09-07
21.5,65.5,0.0,759.3,2010-09-08
21.9,81.1,2.0,452.3,2010-09-09
25.8,78.5,3.0,283.9,2010-09-10
23.0,94.2,99.0,1479.2,2010-09-11
23.2,87.8,30.0,4362.3,2010-09-12
23.0,79.5,0.0,2420.3,2010-09-13
23.0,77.9,0.0,965.6,2010-09-14
22.2,70.2,0.0,557.6,2010-09-15
21.8,73.5,0.0,388.9,2010-09-16
21.9,74.6,0.0,297.3,2010-09-17
22.9,70.1,0.0,249.2,2010-09-18
19.9,88.0,10.0,189.3,2010-09-19
20.2,92.8,12.0,179.0,2010-09-20
24.4,85.4,71.0,372.8,2010-09-21
17.7,88.1,23.0,4586.1,2010-09-22
17.2,78.5,0.0,1904.1,2010-09-23
17.2,71.0,0.0,1231.5,2010-09-24
16.7,72.8,0.0,1017.1,2010-09-25
16.3,74.2,0.0,663.2,2010-09-26
16.0,78.6,0.0,346.9,2010-09-27
15.3,61.4,0.0,228.6,2010-09-28
11.9,78.0,0.0,188.2,2010-09-29
12.5,78.1,0.0,166.9,2010-09-30
13.3,80.4,0.0,108.0,2010-10-01
15.4,85.8,9.0,139.4,2010-10-02
18.4,75.6,4.0,130.2,2010-10-03
14.2,83.2,2.0,140.4,2010-10-04
14.3,77.2,0.0,130.1,2010-10-05
14.2,80.8,0.0,110.4,2010-10-06
15.9,78.5,0.0,79.6,2010-10-07
17.2,77.3,0.0,100.6,2010-10-08
17.7,76.3,0.0,70.4,2010-10-09
16.9,78.3,0.0,70.0,2010-10-10
16.2,86.3,0.0,79.7,2010-10-11
16.7,83.9,0.0,60.1,2010-10-12
15.9,82.5,0.0,70.6,2010-10-13
15.1,77.3,0.0,70.9,2010-10-14
12.1,61.3,0.0,59.0,2010-10-15
13.7,74.9,0.0,51.0,2010-10-16
13.7,81.4,0.0,70.2,2010-10-17
13.1,75.9,0.0,50.6,2010-10-18
13.2,79.2,0.0,40.5,2010-10-19
14.2,82.9,0.0,40.5,2010-10-20
15.0,74.2,0.0,41.2,2010-10-21
14.3,70.2,0.0,61.6,2010-10-22
12.8,80.4,0.0,32.1,2010-10-23
15.0,83.7,0.0,41.2,2010-10-24
11.2,63.5,0.0,31.1,2010-10-25
3.4,37.0,3.778,31.7,2010-10-26
4.4,60.6,0.0,40.9,2010-10-27
4.4,63.7,0.0,41.4,2010-10-28
6.8,69.3,0.0,32.2,2010-10-29
9.1,68.3,0.0,22.5,2010-10-30
8.4,74.8,0.0,32.5,2010-10-31
9.2,67.7,0.0,32.8,2010-11-01
5.8,46.5,0.0,32.4,2010-11-02
3.7,61.1,0.0,32.6,2010-11-03
7.4,73.5,0.0,13.4,2010-11-04
8.9,77.0,0.0,33.1,2010-11-05
9.1,83.9,0.0,24.7,2010-11-06
9.3,82.5,1.0,23.5,2010-11-07
8.0,68.4,2.0,43.2,2010-11-08
3.9,43.9,0.0,32.9,2010-11-09
2.4,54.6,3.0,14.5,2010-11-10
6.5,69.1,9.0,52.3,2010-11-11
8.2,62.0,0.0,23.7,2010-11-12
7.0,66.4,0.0,43.1,2010-11-13
8.3,45.6,0.0,5.0,2010-11-14
2.0,38.6,0.0,24.4,2010-11-15
1.2,63.7,0.0,33.8,2010-11-16
2.7,74.3,0.0,24.8,2010-11-17
2.5,76.0,0.0,6.8,2010-11-18
1.3,78.8,0.0,52.8,2010-11-19
3.6,73.4,0.0,25.0,2010-11-20
7.0,76.3,0.0,6.6,2010-11-21
7.5,59.6,0.0,25.6,2010-11-22
3.9,61.2,0.0,16.2,2010-11-23
5.6,71.6,0.0,25.7,2010-11-24
3.4,58.1,0.0,26.1,2010-11-25
-1.3,49.7,0.0,17.0,2010-11-26
0.0,64.7,1.0,7.7,2010-11-27
-1.6,39.2,0.0,44.8,2010-11-28
2.4,64.9,0.0,8.9,2010-11-29
5.6,77.5,0.0,21.3,2010-11-30
4.8,87.3,0.0,33.7,2010-12-01
5.9,80.2,0.0,6.1,2010-12-02
2.4,48.1,0.0,23.9,2010-12-03
-0.4,65.0,0.0,14.7,2010-12-04
4.6,78.1,0.0,33.7,2010-12-05
4.7,69.6,0.0,6.4,2010-12-06
-3.0,65.1,0.0,13.5,2010-12-07
-1.5,79.6,1.0,5.1,2010-12-08
-2.7,66.3,0.0,41.3,2010-12-09
1.4,65.8,1.0,32.8,2010-12-10
-0.1,45.1,0.0,23.7,2010-12-11
-3.6,54.8,0.0,15.1,2010-12-12
1.4,80.4,0.253,6.6,2010-12-13
-1.3,65.3,0.0,6.9,2010-12-14
-8.6,35.9,0.0,7.4,2010-12-15
-8.5,49.9,0.0,24.8,2010-12-16
-2.3,80.9,0.0,15.9,2010-12-17
-2.7,70.9,0.0,16.3,2010-12-18
1.3,80.3,0.0,16.5,2010-12-19
1.9,80.3,0.0,8.0,2010-12-20
1.7,71.7,0.0,16.5,2010-12-21
1.8,73.6,0.0,0.1,2010-12-22
0.6,57.9,0.0,8.4,2010-12-23
-9.6,36.3,0.0,8.6,2010-12-24
-10.0,39.9,0.0,18.1,2010-12-25
-9.0,57.9,0.0,18.3,2010-12-26
-4.8,72.7,0.0,9.4,2010-12-27
-0.5,81.1,0.0,10.3,2010-12-28
-5.0,66.3,0.0,2.0,2010-12-29
-4.8,71.8,0.0,2.6,2010-12-30
-9.2,60.6,0.0,9.9,2010-12-31
-8.0,66.2,0.0,13.9,2011-01-01
-7.3,73.9,0.0,13.1,2011-01-02
-5.7,78.1,0.0,3.5,2011-01-03
-4.2,78.4,0.249,4.6,2011-01-04
-2.3,68.3,0.0,5.8,2011-01-05
-7.8,59.6,0.0,7.2,2011-01-06
-9.6,63.0,0.0,22.8,2011-01-07
-6.8,77.8,0.0,7.4,2011-01-08
-4.6,55.4,0.0,7.6,2011-01-09
-10.1,56.7,0.0,6.6,2011-01-10
-6.5,65.1,0.0,7.8,2011-01-11
-8.4,52.5,0.0,7.8,2011-01-12
-9.8,55.5,0.0,0.5,2011-01-13
-6.8,71.5,0.0,0.7,2011-01-14
-9.8,39.1,0.0,7.8,2011-01-15
-13.7,44.5,0.0,3.3,2011-01-16
-12.0,55.3,0.0,0.3,2011-01-17
-8.8,57.8,0.0,4.0,2011-01-18
-7.1,53.5,0.0,3.9,2011-01-19
-8.0,54.0,0.0,0.0,2011-01-20
-7.9,54.8,0.0,4.1,2011-01-21
-6.6,66.5,0.0,4.3,2011-01-22
-5.4,77.4,1.0,4.5,2011-01-23
-7.1,63.4,1.0,5.8,2011-01-24
-10.0,69.5,0.0,5.5,2011-01-25
-9.2,61.5,0.0,6.5,2011-01-26
-9.7,53.9,0.0,6.6,2011-01-27
-6.9,44.7,0.0,0.0,2011-01-28
-9.3,46.4,0.0,7.1,2011-01-29
-9.5,42.1,0.0,0.0,2011-01-30
-8.5,58.4,0.0,0.8,2011-01-31
-3.3,69.6,0.0,0.0,2011-02-01
-1.4,63.4,0.0,5.3,2011-02-02
-1.5,67.9,0.0,2.7,2011-02-03
-1.2,77.9,0.0,2.8,2011-02-04
-0.3,70.4,0.0,3.6,2011-02-05
-1.2,74.8,0.0,3.4,2011-02-06
-1.1,77.5,0.0,3.3,2011-02-07
0.6,68.5,0.0,8.9,2011-02-08
-1.9,63.3,0.0,9.0,2011-02-09
-3.4,63.0,0.0,1.8,2011-02-10
-2.7,53.7,0.0,9.6,2011-02-11
-5.1,42.8,0.0,9.6,2011-02-12
-5.9,53.9,0.0,3.0,2011-02-13
-3.8,68.2,0.0,10.7,2011-02-14
-2.9,66.2,0.0,3.9,2011-02-15
-1.6,62.0,0.0,3.6,2011-02-16
-0.3,87.4,2.0,4.3,2011-02-17
-1.4,73.2,0.0,18.9,2011-02-18
-0.3,62.1,0.0,5.2,2011-02-19
2.8,54.8,0.0,5.7,2011-02-20
3.7,50.3,0.0,5.8,2011-02-21
3.1,56.4,0.0,6.4,2011-02-22
3.6,57.7,0.0,6.7,2011-02-23
4.6,62.3,0.0,7.0,2011-02-24
4.0,50.6,0.0,27.9,2011-02-25
4.9,45.3,0.0,12.4,2011-02-26
5.4,82.4,44.0,47.4,2011-02-27
4.8,71.5,0.0,86.1,2011-02-28
1.7,86.2,6.0,80.3,2011-03-01
-1.3,48.0,0.0,25.5,2011-03-02
-2.4,48.3,53.0,66.8,2011-03-03
-1.0,53.6,0.0,32.6,2011-03-04
0.1,64.0,0.0,46.2,2011-03-05
3.0,59.7,0.0,26.8,2011-03-06
2.7,52.3,0.0,12.2,2011-03-07
1.4,44.3,0.0,19.4,2011-03-08
0.7,41.2,0.0,13.2,2011-03-09
1.4,49.7,0.0,13.2,2011-03-10
3.2,49.4,0.0,33.6,2011-03-11
5.0,44.5,0.0,2.7,2011-03-12
7.7,53.6,0.0,33.7,2011-03-13
8.5,75.7,53.0,8.0,2011-03-14
3.1,45.6,0.0,27.6,2011-03-15
0.0,29.5,0.0,28.2,2011-03-16
1.1,40.1,0.0,34.8,2011-03-17
3.3,40.5,0.0,41.3,2011-03-18
9.4,43.0,0.0,9.1,2011-03-19
4.6,82.3,14.0,60.7,2011-03-20
7.5,63.2,0.0,34.7,2011-03-21
3.1,34.5,0.0,60.9,2011-03-22
1.3,37.6,0.0,29.0,2011-03-23
2.9,57.8,12.0,73.6,2011-03-24
1.4,59.5,1.0,41.9,2011-03-25
1.9,53.0,0.0,54.7,2011-03-26
3.9,46.7,0.0,61.3,2011-03-27
6.0,47.0,0.0,16.7,2011-03-28
3.4,57.8,0.0,42.2,2011-03-29
6.4,54.5,0.0,42.7,2011-03-30
8.6,53.1,0.0,24.1,2011-03-31
9.2,43.7,0.0,48.7,2011-04-01
8.3,46.9,0.0,48.8,2011-04-02
9.1,49.7,0.0,55.4,2011-04-03
9.7,40.8,0.0,36.2,2011-04-04
9.5,35.3,0.0,61.1,2011-04-05
10.1,35.3,0.0,30.2,2011-04-06
9.8,89.0,24.0,73.7,2011-04-07
11.8,62.5,1.0,80.2,2011-04-08
10.0,46.0,0.0,117.1,2011-04-09
10.9,51.6,0.0,149.0,2011-04-10
10.2,48.3,0.0,112.3,2011-04-11
9.1,36.6,0.0,93.2,2011-04-12
10.3,37.7,0.0,84.4,2011-04-13
11.8,38.6,0.0,67.6,2011-04-14
15.3,55.0,0.0,73.9,2011-04-15
12.4,48.0,0.0,61.5,2011-04-16
12.8,43.8,0.0,55.0,2011-04-17
7.8,67.7,2.0,67.7,2011-04-18
8.9,47.8,0.0,61.5,2011-04-19
10.8,49.0,0.0,49.0,2011-04-20
12.2,42.3,0.0,74.0,2011-04-21
10.2,85.6,30.0,74.6,2011-04-22
9.8,53.4,0.0,118.5,2011-04-23
9.0,52.7,0.0,205.5,2011-04-24
12.1,48.0,0.0,149.3,2011-04-25
9.9,83.1,5.0,143.4,2011-04-26
11.5,79.4,1.0,124.6,2011-04-27
8.7,62.4,1.0,150.1,2011-04-28
11.8,49.2,1.0,150.2,2011-04-29
14.8,90.8,94.0,486.6,2011-04-30
14.3,65.6,15.0,2579.7,2011-05-01
14.5,60.3,0.0,1149.9,2011-05-02
15.5,51.2,0.0,593.6,2011-05-03
14.9,47.4,0.0,383.0,2011-05-04
17.3,36.7,0.0,302.9,2011-05-05
17.3,46.0,0.0,203.4,2011-05-06
18.1,70.0,4.0,178.9,2011-05-07
18.3,54.9,0.0,179.4,2011-05-08
20.5,72.4,38.0,148.8,2011-05-09
18.8,92.3,82.0,536.1,2011-05-10
16.5,81.8,50.0,1836.1,2011-05-11
14.8,76.4,3.0,1497.1,2011-05-12
15.0,45.4,0.0,758.0,2011-05-13
16.2,39.4,0.0,493.3,2011-05-14
18.3,41.4,0.0,319.1,2011-05-15
17.3,47.5,0.0,243.3,2011-05-16
15.4,45.5,0.0,184.4,2011-05-17
18.8,51.3,0.0,174.0,2011-05-18
21.1,47.8,0.0,146.4,2011-05-19
19.9,80.6,1.0,116.5,2011-05-20
15.3,90.0,7.0,92.0,2011-05-21
17.2,67.2,0.0,106.0,2011-05-22
17.6,67.1,0.0,57.2,2011-05-23
18.7,59.0,0.0,55.5,2011-05-24
20.0,55.6,0.0,68.5,2011-05-25
17.6,58.8,0.0,40.6,2011-05-26
17.8,64.3,0.0,33.3,2011-05-27
19.5,68.7,0.0,35.7,2011-05-28
21.1,44.7,0.0,25.2,2011-05-29
20.8,53.0,0.0,19.7,2011-05-30
19.3,64.2,0.0,10.6,2011-05-31
17.0,84.0,43.0,76.7,2011-06-01
19.6,70.2,0.0,70.2,2011-06-02
19.6,61.7,0.0,66.2,2011-06-03
20.7,67.0,0.0,54.7,2011-06-04
21.3,62.0,0.0,22.0,2011-06-05
20.5,56.7,0.0,26.0,2011-06-06
21.2,53.8,0.0,50.1,2011-06-07
22.1,57.1,0.0,24.6,2011-06-08
19.8,75.2,0.0,51.3,2011-06-09
21.2,75.9,0.0,15.0,2011-06-10
23.9,60.7,0.0,52.5,2011-06-11
24.1,50.5,0.0,29.8,2011-06-12
21.2,61.9,0.0,43.2,2011-06-13
22.8,60.3,0.0,31.9,2011-06-14
23.9,55.0,0.0,39.2,2011-06-15
23.8,46.1,0.0,34.2,2011-06-16
23.3,48.2,0.0,30.5,2011-06-17
22.9,68.3,1.0,32.0,2011-06-18
25.1,55.5,0.0,33.2,2011-06-19
25.1,53.2,0.0,28.5,2011-06-20
24.4,54.0,0.0,24.2,2011-06-21
23.3,82.1,25.0,43.0,2011-06-22
25.0,85.0,23.0,40.9,2011-06-23
21.0,92.8,164.0,1580.7,2011-06-24
18.7,88.5,50.0,4366.2,2011-06-25
21.0,81.1,15.0,3381.4,2011-06-26
22.8,70.4,0.0,2420.0,2011-06-27
24.3,66.1,0.0,1204.7,2011-06-28
24.3,83.3,70.0,707.7,2011-06-29
25.5,79.3,81.0,2905.5,2011-06-30
25.7,80.1,2.0,1761.8,2011-07-01
26.3,80.0,0.0,804.3,2011-07-02
24.4,90.3,99.0,2311.6,2011-07-03
24.3,74.5,0.0,5059.9,2011-07-04
23.2,73.7,0.0,1419.8,2011-07-05
23.8,72.5,0.0,720.4,2011-07-06
23.8,85.7,57.0,3009.7,2011-07-07
23.7,90.0,46.0,2208.8,2011-07-08
23.5,86.5,139.0,3933.3,2011-07-09
21.9,93.3,42.0,2542.8,2011-07-10
22.2,88.4,12.0,1960.5,2011-07-11
23.1,91.0,40.0,1771.5,2011-07-12
25.1,85.3,0.0,1695.9,2011-07-13
25.6,86.1,13.0,1091.7,2011-07-14
26.9,80.3,11.0,1643.7,2011-07-15
26.7,80.2,2.0,1209.6,2011-07-16
27.3,78.3,2.0,968.9,2011-07-17
28.7,62.5,0.0,675.2,2011-07-18
28.8,54.3,0.0,429.7,2011-07-19
27.9,52.0,0.0,328.9,2011-07-20
26.5,56.8,0.0,305.3,2011-07-21
25.1,69.8,0.0,265.2,2011-07-22
26.3,77.2,0.0,197.9,2011-07-23
24.7,85.4,29.0,173.3,2011-07-24
25.2,81.3,3.0,267.8,2011-07-25
26.8,75.6,4.0,259.3,2011-07-26
26.4,83.6,54.0,721.2,2011-07-27
27.5,72.3,0.0,2415.9,2011-07-28
25.6,86.9,45.0,980.2,2011-07-29
25.8,86.0,45.0,702.2,2011-07-30
25.8,83.3,1.0,636.3,2011-07-31
26.3,80.2,12.0,594.4,2011-08-01
26.0,80.3,4.0,562.8,2011-08-02
26.8,77.2,17.0,515.1,2011-08-03
27.2,79.9,3.0,919.2,2011-08-04
28.7,67.0,0.0,738.6,2011-08-05
27.9,70.0,0.0,471.7,2011-08-06
28.8,64.5,1.0,341.4,2011-08-07
28.1,64.5,18.0,396.4,2011-08-08
23.9,87.8,20.0,431.5,2011-08-09
26.0,85.5,2.0,371.5,2011-08-10
27.1,80.5,2.0,280.9,2011-08-11
25.3,89.3,43.0,322.8,2011-08-12
25.7,83.3,6.0,411.1,2011-08-13
26.0,83.8,6.0,357.8,2011-08-14
25.2,85.6,0.0,354.4,2011-08-15
26.2,85.0,101.0,399.6,2011-08-16
25.4,93.0,50.0,3067.1,2011-08-17
25.4,81.5,41.0,3479.8,2011-08-18
24.0,84.8,5.0,1514.9,2011-08-19
21.8,85.5,4.0,844.3,2011-08-20
23.5,73.5,0.0,574.0,2011-08-21
22.7,74.5,0.0,378.7,2011-08-22
21.8,73.6,0.0,308.9,2011-08-23
22.0,73.5,0.0,230.3,2011-08-24
23.6,74.5,1.0,203.2,2011-08-25
24.2,71.7,0.0,175.2,2011-08-26
25.0,74.0,0.0,167.4,2011-08-27
25.8,71.5,0.0,120.5,2011-08-28
26.2,76.3,0.0,138.7,2011-08-29
26.1,81.6,0.0,120.0,2011-08-30
26.7,74.9,0.0,101.7,2011-08-31
25.8,72.8,0.0,99.8,2011-09-01
26.1,64.0,0.0,99.9,2011-09-02
23.3,66.6,0.0,71.6,2011-09-03
22.0,66.6,0.0,62.5,2011-09-04
21.7,68.7,0.0,91.0,2011-09-05
20.9,64.5,0.0,128.8,2011-09-06
20.0,69.6,0.0,100.5,2011-09-07
20.0,75.8,0.0,100.3,2011-09-08
18.3,84.3,1.0,71.5,2011-09-09
18.4,92.3,32.0,128.5,2011-09-10
20.0,93.3,108.0,456.1,2011-09-11
22.9,86.3,3.0,1232.8,2011-09-12
24.0,83.0,0.0,799.2,2011-09-13
25.0,79.3,0.0,417.7,2011-09-14
24.5,77.4,0.0,283.9,2011-09-15
24.4,77.7,0.0,219.3,2011-09-16
25.0,74.2,0.0,180.3,2011-09-17
21.1,71.8,2.0,139.6,2011-09-18
16.7,61.8,1.0,140.2,2011-09-19
17.1,51.6,0.0,120.3,2011-09-20
15.9,59.3,0.0,120.3,2011-09-21
14.8,67.6,0.0,110.3,2011-09-22
16.0,69.8,0.0,90.2,2011-09-23
16.8,68.4,0.0,99.7,2011-09-24
17.0,67.7,0.0,69.9,2011-09-25
16.8,71.5,0.0,70.0,2011-09-26
17.5,63.8,0.0,60.1,2011-09-27
17.0,76.3,0.0,69.9,2011-09-28
16.1,92.2,17.0,70.0,2011-09-29
15.6,63.5,0.0,60.0,2011-09-30
11.2,68.9,0.0,71.2,2011-10-01
10.5,67.4,0.0,60.4,2011-10-02
10.2,71.3,0.0,50.4,2011-10-03
11.7,70.1,0.0,50.9,2011-10-04
13.5,70.7,0.0,60.9,2011-10-05
13.4,69.7,0.0,40.6,2011-10-06
12.1,72.4,0.0,40.5,2011-10-07
12.5,77.0,0.0,40.4,2011-10-08
12.9,80.7,0.0,40.6,2011-10-09
14.2,78.5,0.0,30.6,2011-10-10
13.8,75.5,0.0,40.7,2011-10-11
12.3,78.8,0.0,11.1,2011-10-12
14.1,75.2,0.0,59.9,2011-10-13
13.2,89.9,5.0,21.7,2011-10-14
14.7,81.3,13.0,60.6,2011-10-15
13.8,72.8,4.0,22.2,2011-10-16
10.4,60.0,0.0,61.3,2011-10-17
7.2,67.8,0.0,21.1,2011-10-18
10.4,72.7,0.0,31.8,2011-10-19
12.9,73.7,0.0,51.3,2011-10-20
14.8,77.7,5.0,22.0,2011-10-21
13.9,93.2,31.0,69.8,2011-10-22
14.1,87.4,0.0,61.1,2011-10-23
14.2,78.3,0.0,71.1,2011-10-24
6.8,51.3,0.0,42.2,2011-10-25
5.9,68.4,0.0,61.2,2011-10-26
9.4,67.8,0.0,32.3,2011-10-27
10.9,76.2,0.0,35.7,2011-10-28
11.4,91.0,6.0,42.7,2011-10-29
14.1,78.7,0.0,70.8,2011-10-30
12.1,76.0,0.0,22.8,2011-10-31
13.3,71.4,0.0,27.6,2011-11-01
15.1,74.7,0.0,47.0,2011-11-02
16.2,74.9,0.0,27.9,2011-11-03
18.9,72.0,0.0,28.2,2011-11-04
19.6,74.9,1.0,28.6,2011-11-05
15.7,82.3,4.0,66.5,2011-11-06
14.3,84.3,1.0,18.9,2011-11-07
14.7,73.0,0.0,38.4,2011-11-08
14.4,59.0,0.0,46.0,2011-11-09
13.0,60.2,0.0,37.7,2011-11-10
11.8,75.0,0.0,65.4,2011-11-11
9.7,78.8,0.0,28.9,2011-11-12
10.0,65.6,0.0,47.4,2011-11-13
5.9,53.1,0.0,28.6,2011-11-14
4.2,60.3,0.0,27.0,2011-11-15
6.4,65.6,0.0,39.3,2011-11-16
11.0,65.6,0.0,29.7,2011-11-17
14.8,83.4,7.0,38.8,2011-11-18
12.5,81.8,2.0,38.8,2011-11-19
2.3,40.8,0.0,39.5,2011-11-20
-0.1,50.0,0.0,28.6,2011-11-21
3.6,59.7,0.0,30.3,2011-11-22
4.2,73.2,5.0,20.7,2011-11-23
-0.4,48.8,0.0,48.9,2011-11-24
1.0,61.2,0.0,20.5,2011-11-25
3.4,75.3,0.0,48.3,2011-11-26
9.7,78.6,0.0,2.9,2011-11-27
10.5,82.5,0.0,21.0,2011-11-28
11.2,78.3,0.0,39.3,2011-11-29
6.5,81.4,42.0,85.2,2011-11-30
5.7,62.4,0.0,95.4,2011-12-01
5.2,66.0,0.0,85.5,2011-12-02
4.2,89.6,11.0,95.0,2011-12-03
2.3,78.0,0.0,78.4,2011-12-04
-0.3,65.0,0.0,9.2,2011-12-05
2.8,64.7,0.0,85.7,2011-12-06
3.1,68.6,0.0,77.1,2011-12-07
1.9,66.3,0.0,48.9,2011-12-08
-1.7,63.5,0.0,18.3,2011-12-09
-2.3,64.5,0.0,,2011-12-10
2.3,69.3,0.0,66.8,2011-12-11
4.0,64.7,0.0,40.7,2011-12-12
-0.2,66.0,0.0,40.5,2011-12-13
0.8,69.8,0.0,40.7,2011-12-14
-1.8,44.8,0.0,58.9,2011-12-15
-5.5,38.6,0.0,31.3,2011-12-16
-7.1,55.4,0.0,50.0,2011-12-17
-2.8,54.5,0.0,4.3,2011-12-18
-4.4,59.3,0.0,40.8,2011-12-19
-3.8,65.2,0.0,31.7,2011-12-20
0.1,78.3,0.0,33.3,2011-12-21
-3.3,41.5,0.0,32.0,2011-12-22
-7.2,46.4,0.0,32.3,2011-12-23
-5.0,60.6,1.0,23.5,2011-12-24
-7.7,47.8,0.0,5.6,2011-12-25
-8.7,49.2,0.0,41.7,2011-12-26
-7.5,57.8,0.0,14.8,2011-12-27
-3.3,66.3,0.0,24.1,2011-12-28
-0.7,68.3,0.0,41.3,2011-12-29
-5.1,73.9,0.0,15.1,2011-12-30
-4.4,70.4,0.0,18.0,2011-12-31
-2.6,69.9,0.0,21.0,2012-01-01
-6.6,74.1,0.0,47.0,2012-01-02
-4.3,71.1,0.0,3.3,2012-01-03
-6.4,55.5,0.0,20.7,2012-01-04
-7.5,61.8,0.0,21.2,2012-01-05
-5.2,62.4,0.0,4.4,2012-01-06
-6.5,66.6,0.0,30.8,2012-01-07
-5.1,62.7,0.0,12.8,2012-01-08
-2.0,69.2,0.0,13.3,2012-01-09
-2.8,65.9,0.0,13.5,2012-01-10
-5.8,52.2,0.0,22.6,2012-01-11
-5.6,61.9,0.0,13.9,2012-01-12
-2.4,69.8,0.0,15.0,2012-01-13
-4.4,52.0,0.0,48.4,2012-01-14
-2.8,57.6,0.0,5.8,2012-01-15
-0.4,61.7,0.0,6.5,2012-01-16
1.7,78.6,0.0,15.3,2012-01-17
0.6,80.8,0.0,15.2,2012-01-18
3.7,78.6,3.0,31.9,2012-01-19
6.5,56.3,0.0,9.0,2012-01-20
2.8,81.2,0.0,24.2,2012-01-21
-3.2,49.9,0.0,17.4,2012-01-22
-8.5,41.2,0.0,19.6,2012-01-23
-8.1,43.9,0.0,26.6,2012-01-24
-7.1,46.4,0.0,24.6,2012-01-25
-5.8,68.3,0.0,9.0,2012-01-26
-2.2,86.8,0.0,9.1,2012-01-27
-1.8,53.4,0.0,42.3,2012-01-28
-3.3,41.8,0.0,1.5,2012-01-29
-5.2,33.2,0.0,9.9,2012-01-30
-4.9,67.4,4.0,10.2,2012-01-31
-10.5,57.9,0.0,5.3,2012-02-01
-14.9,53.0,0.0,30.2,2012-02-02
-12.2,61.6,0.0,0.0,2012-02-03
-4.0,61.4,0.0,0.0,2012-02-04
-2.3,54.3,0.0,8.3,2012-02-05
-1.5,64.0,0.0,7.7,2012-02-06
-5.1,44.8,0.0,8.3,2012-02-07
-8.3,43.1,0.0,24.3,2012-02-08
-4.8,62.0,0.0,1.4,2012-02-09
-3.0,58.8,0.0,0.0,2012-02-10
-4.4,42.0,0.0,0.0,2012-02-11
-1.6,51.3,0.0,11.3,2012-02-12
1.9,52.0,0.0,11.6,2012-02-13
2.0,60.2,0.0,7.3,2012-02-14
0.8,49.7,0.0,15.0,2012-02-15
-1.3,34.9,0.0,7.6,2012-02-16
-4.9,35.2,0.0,0.0,2012-02-17
-6.5,41.5,0.0,15.7,2012-02-18
-5.3,44.9,0.0,16.5,2012-02-19
-3.1,50.8,0.0,2.0,2012-02-20
0.6,54.0,0.0,32.4,2012-02-21
2.6,62.9,0.0,17.5,2012-02-22
4.6,65.2,0.0,3.5,2012-02-23
3.8,60.9,0.0,10.9,2012-02-24
1.6,79.9,1.0,11.3,2012-02-25
-1.1,56.2,0.0,19.0,2012-02-26
-2.0,46.0,0.0,26.6,2012-02-27
0.5,55.3,0.0,5.1,2012-02-28
3.8,56.7,0.0,6.1,2012-02-29
7.6,40.2,0.0,13.3,2012-03-01
6.6,72.8,1.0,20.7,2012-03-02
6.5,55.4,0.0,14.8,2012-03-03
5.9,53.9,1.0,14.5,2012-03-04
4.3,81.9,16.0,22.1,2012-03-05
4.1,79.0,4.0,29.1,2012-03-06
3.7,62.3,0.0,8.2,2012-03-07
2.0,60.0,0.0,22.9,2012-03-08
3.2,58.4,0.0,37.5,2012-03-09
5.0,46.5,0.0,0.0,2012-03-10
-0.1,37.4,0.0,31.2,2012-03-11
-1.6,39.9,0.0,10.6,2012-03-12
0.7,52.1,0.0,18.0,2012-03-13
3.3,63.0,0.0,11.3,2012-03-14
4.6,53.3,0.0,11.9,2012-03-15
7.7,57.8,3.0,25.9,2012-03-16
8.4,91.0,6.0,45.9,2012-03-17
8.5,77.1,0.0,19.9,2012-03-18
4.0,54.5,0.0,46.7,2012-03-19
2.4,45.6,0.0,46.8,2012-03-20
3.5,41.9,0.0,33.5,2012-03-21
7.0,43.8,0.0,34.5,2012-03-22
5.7,85.5,24.0,67.1,2012-03-23
3.4,62.8,5.0,51.1,2012-03-24
3.6,41.3,0.0,132.0,2012-03-25
2.9,43.4,0.0,44.1,2012-03-26
6.0,45.7,0.0,73.7,2012-03-27
9.5,54.3,0.0,48.2,2012-03-28
11.7,50.0,0.0,61.2,2012-03-29
11.9,82.7,25.0,165.0,2012-03-30
6.5,45.1,0.0,219.0,2012-03-31
5.0,34.0,0.0,310.8,2012-04-01
9.0,58.3,2.0,164.4,2012-04-02
6.4,76.4,47.0,384.4,2012-04-03
8.2,53.9,0.0,900.0,2012-04-04
7.1,46.0,0.0,478.4,2012-04-05
5.3,41.7,0.0,335.4,2012-04-06
5.9,39.6,0.0,253.6,2012-04-07
12.1,43.5,0.0,180.6,2012-04-08
17.2,53.5,0.0,154.8,2012-04-09
14.8,71.6,4.0,174.0,2012-04-10
13.4,84.3,1.0,180.4,2012-04-11
9.6,53.9,0.0,234.3,2012-04-12
11.2,43.3,0.0,213.7,2012-04-13
12.1,59.1,0.0,165.2,2012-04-14
15.1,49.6,0.0,145.1,2012-04-15
13.2,51.6,0.0,152.8,2012-04-16
13.2,49.8,0.0,112.3,2012-04-17
15.0,44.0,0.0,105.5,2012-04-18
17.0,37.5,0.0,67.2,2012-04-19
17.9,41.5,0.0,97.3,2012-04-20
13.9,71.8,26.0,91.3,2012-04-21
12.5,81.2,1.0,281.7,2012-04-22
13.5,80.1,0.0,387.9,2012-04-23
18.1,63.3,0.0,304.9,2012-04-24
17.0,58.8,17.0,242.1,2012-04-25
12.4,53.5,1.0,245.6,2012-04-26
14.3,46.4,0.0,270.3,2012-04-27
16.8,48.7,0.0,187.3,2012-04-28
17.3,53.2,0.0,187.0,2012-04-29
19.5,49.5,0.0,193.6,2012-04-30
20.9,56.7,0.0,130.2,2012-05-01
21.3,62.0,2.0,123.1,2012-05-02
18.4,65.9,2.0,103.7,2012-05-03
18.8,57.6,0.0,97.5,2012-05-04
19.0,42.3,0.0,70.2,2012-05-05
17.1,36.2,0.0,82.1,2012-05-06
17.1,41.9,0.0,62.9,2012-05-07
17.4,52.0,1.0,42.8,2012-05-08
18.7,63.5,0.0,65.5,2012-05-09
18.2,60.7,0.0,52.5,2012-05-10
14.7,62.6,0.0,52.2,2012-05-11
16.7,59.5,0.0,36.7,2012-05-12
18.8,61.3,0.0,45.4,2012-05-13
15.7,86.6,16.0,57.3,2012-05-14
17.6,68.8,1.0,47.5,2012-05-15
17.0,61.9,0.0,49.6,2012-05-16
14.7,72.3,9.0,62.2,2012-05-17
15.8,68.0,0.0,44.2,2012-05-18
17.6,57.5,0.0,41.8,2012-05-19
20.1,54.3,0.0,55.3,2012-05-20
20.7,46.0,0.0,35.5,2012-05-21
21.3,49.3,0.0,38.4,2012-05-22
21.0,51.1,0.0,21.3,2012-05-23
19.6,56.6,0.0,32.8,2012-05-24
20.7,52.0,0.0,39.2,2012-05-25
18.9,49.2,0.0,19.1,2012-05-26
20.0,51.8,0.0,29.8,2012-05-27
19.9,77.1,6.0,39.8,2012-05-28
19.7,60.9,0.0,28.9,2012-05-29
17.8,82.1,1.0,28.5,2012-05-30
20.1,68.5,0.0,23.5,2012-05-31
20.8,55.7,0.0,30.2,2012-06-01
21.3,58.5,0.0,28.5,2012-06-02
21.7,61.5,0.0,34.0,2012-06-03
23.2,56.3,0.0,40.9,2012-06-04
23.9,55.7,0.0,24.0,2012-06-05
23.7,61.1,0.0,19.5,2012-06-06
24.2,64.7,0.0,37.0,2012-06-07
21.3,73.8,0.0,32.5,2012-06-08
22.9,65.8,0.0,31.4,2012-06-09
25.0,53.1,0.0,21.8,2012-06-10
23.2,69.1,0.0,24.0,2012-06-11
22.3,70.9,49.0,44.3,2012-06-12
22.6,61.8,0.0,49.7,2012-06-13
23.0,56.4,0.0,27.8,2012-06-14
21.7,61.7,0.0,27.8,2012-06-15
24.0,60.5,0.0,28.0,2012-06-16
24.1,57.4,0.0,23.2,2012-06-17
23.7,55.7,0.0,28.1,2012-06-18
25.1,54.0,0.0,22.1,2012-06-19
25.0,51.6,56.0,18.5,2012-06-20
25.2,52.2,0.0,13.4,2012-06-21
24.9,56.4,0.0,19.3,2012-06-22
25.8,58.8,0.0,8.6,2012-06-23
25.1,57.3,0.0,25.2,2012-06-24
23.0,50.0,0.0,20.5,2012-06-25
22.7,54.8,0.0,15.4,2012-06-26
22.4,54.5,0.0,15.9,2012-06-27
23.8,57.4,0.0,16.5,2012-06-28
26.3,52.3,0.0,16.8,2012-06-29
23.4,89.0,57.0,58.5,2012-06-30
23.2,80.7,0.0,61.5,2012-07-01
24.0,68.3,0.0,66.3,2012-07-02
25.0,70.0,0.0,66.1,2012-07-03
26.4,71.5,0.0,56.0,2012-07-04
23.8,88.4,21.0,61.1,2012-07-05
23.0,90.4,132.0,2252.0,2012-07-06
23.7,73.5,0.0,3373.7,2012-07-07
25.3,72.2,0.0,993.7,2012-07-08
26.0,73.4,0.0,414.6,2012-07-09
26.1,66.1,0.0,271.1,2012-07-10
25.7,79.3,3.0,231.7,2012-07-11
25.4,71.3,0.0,211.2,2012-07-12
25.5,82.3,9.0,175.3,2012-07-13
24.3,87.5,8.0,168.9,2012-07-14
21.9,87.7,43.0,977.6,2012-07-15
22.9,82.7,0.0,2027.6,2012-07-16
24.7,83.7,0.0,760.0,2012-07-17
26.4,79.5,5.0,493.9,2012-07-18
25.9,81.3,20.0,645.0,2012-07-19
25.8,79.1,0.0,769.9,2012-07-20
27.2,74.4,0.0,492.1,2012-07-21
25.7,85.5,9.0,378.6,2012-07-22
27.0,80.3,0.0,271.3,2012-07-23
27.6,74.2,0.0,228.1,2012-07-24
27.6,75.0,0.0,169.4,2012-07-25
27.2,73.5,0.0,135.5,2012-07-26
27.5,71.3,0.0,135.1,2012-07-27
27.4,72.1,0.0,110.0,2012-07-28
28.5,71.0,0.0,93.1,2012-07-29
28.6,70.8,0.0,84.3,2012-07-30
28.5,73.1,0.0,76.1,2012-07-31
30.1,62.3,0.0,76.4,2012-08-01
30.0,55.4,0.0,59.3,2012-08-02
29.7,60.4,0.0,59.3,2012-08-03
29.5,61.1,0.0,51.7,2012-08-04
29.6,60.4,0.0,42.9,2012-08-05
30.3,62.0,0.0,43.1,2012-08-06
29.6,55.0,0.0,34.9,2012-08-07
27.6,55.8,0.0,35.0,2012-08-08
27.3,69.7,0.0,27.8,2012-08-09
25.5,83.8,0.0,8.2,2012-08-10
26.6,73.5,1.0,9.5,2012-08-11
24.8,90.9,54.0,53.1,2012-08-12
25.3,82.4,36.0,163.3,2012-08-13
26.6,64.8,0.0,99.2,2012-08-14
25.8,82.2,57.0,170.0,2012-08-15
24.1,95.0,20.0,537.9,2012-08-16
25.8,88.5,20.0,726.0,2012-08-17
27.0,87.4,0.0,467.8,2012-08-18
28.3,78.4,6.0,294.5,2012-08-19
26.7,84.3,6.0,213.9,2012-08-20
25.9,91.0,13.0,239.5,2012-08-21
22.5,95.0,22.0,625.9,2012-08-22
22.1,88.3,3.0,1474.8,2012-08-23
23.1,81.8,0.55,1173.0,2012-08-24
25.9,81.6,8.0,684.6,2012-08-25
27.6,73.0,0.0,432.0,2012-08-26
27.5,64.1,0.0,308.6,2012-08-27
27.1,67.6,18.0,293.6,2012-08-28
26.5,68.6,0.0,327.2,2012-08-29
21.3,92.9,108.0,1331.9,2012-08-30
21.5,79.1,11.0,2179.7,2012-08-31
22.9,83.0,0.0,1065.5,2012-09-01
23.2,80.3,0.0,608.9,2012-09-02
24.1,75.7,0.0,378.1,2012-09-03
22.6,86.9,30.0,321.4,2012-09-04
22.6,76.3,18.0,580.3,2012-09-05
18.7,71.2,0.0,506.7,2012-09-06
21.1,69.3,0.0,370.7,2012-09-07
21.4,75.1,32.0,669.6,2012-09-08
19.5,81.3,0.0,712.3,2012-09-09
21.8,71.0,0.0,473.5,2012-09-10
21.1,65.6,0.0,356.8,2012-09-11
20.7,78.1,0.0,258.7,2012-09-12
20.4,90.8,4.0,229.2,2012-09-13
19.1,90.8,5.0,174.7,2012-09-14
20.0,76.6,2.0,196.7,2012-09-15
18.8,76.2,31.0,190.6,2012-09-16
17.7,90.3,75.0,1118.2,2012-09-17
20.5,76.2,0.0,1964.9,2012-09-18
18.9,81.5,2.0,815.9,2012-09-19
18.2,76.0,0.0,479.1,2012-09-20
18.8,80.1,0.0,345.4,2012-09-21
19.1,79.5,0.0,253.8,2012-09-22
18.6,72.2,0.0,233.3,2012-09-23
18.2,66.3,0.0,171.1,2012-09-24
18.5,68.8,0.0,132.1,2012-09-25
17.9,71.2,0.0,123.9,2012-09-26
18.0,78.4,0.0,94.1,2012-09-27
17.9,79.1,0.0,136.6,2012-09-28
15.2,70.0,0.0,79.2,2012-09-29
13.5,76.4,0.0,99.5,2012-09-30
15.2,74.4,0.0,89.4,2012-10-01
16.1,72.8,0.0,59.2,2012-10-02
16.6,67.8,0.0,89.5,2012-10-03
15.8,69.3,0.0,49.2,2012-10-04
16.2,80.5,0.0,63.2,2012-10-05
17.1,75.2,0.0,69.8,2012-10-06
16.2,65.9,0.0,49.6,2012-10-07
14.9,65.8,0.0,49.6,2012-10-08
14.3,73.6,0.0,49.9,2012-10-09
13.3,87.3,3.0,69.8,2012-10-10
11.5,74.7,0.0,41.6,2012-10-11
10.9,70.8,0.0,49.9,2012-10-12
12.0,72.7,0.0,50.1,2012-10-13
12.4,73.4,0.0,30.4,2012-10-14
10.5,66.4,0.0,40.5,2012-10-15
13.7,69.3,0.0,20.9,2012-10-16
12.2,70.7,3.0,41.0,2012-10-17
7.6,63.3,0.0,50.5,2012-10-18
10.2,66.8,0.0,26.2,2012-10-19
12.1,66.8,0.0,36.1,2012-10-20
15.8,70.6,0.0,36.2,2012-10-21
12.3,86.5,34.0,65.7,2012-10-22
9.2,54.3,0.0,65.7,2012-10-23
10.8,71.7,0.0,65.6,2012-10-24
10.9,80.7,0.0,65.9,2012-10-25
12.7,76.6,0.0,46.3,2012-10-26
13.3,88.4,23.0,56.3,2012-10-27
14.4,69.9,0.0,66.0,2012-10-28
9.8,78.8,0.0,75.9,2012-10-29
8.9,62.0,0.0,66.5,2012-10-30
5.9,64.0,0.0,55.9,2012-10-31
5.3,49.3,0.0,51.3,2012-11-01
3.4,58.7,0.0,31.8,2012-11-02
5.7,61.8,0.0,41.8,2012-11-03
11.2,63.4,5.0,61.0,2012-11-04
9.4,83.9,3.0,32.2,2012-11-05
7.6,81.8,6.0,51.1,2012-11-06
8.3,69.6,0.0,41.9,2012-11-07
7.4,82.8,0.0,42.0,2012-11-08
8.1,77.2,0.0,42.0,2012-11-09
10.5,58.7,0.0,52.2,2012-11-10
10.3,68.2,19.0,71.3,2012-11-11
7.2,69.1,2.0,71.5,2012-11-12
4.8,77.4,6.0,118.7,2012-11-13
2.7,58.5,0.0,119.0,2012-11-14
1.8,70.3,0.0,90.4,2012-11-15
2.5,83.7,4.0,99.7,2012-11-16
6.0,70.0,1.0,80.7,2012-11-17
1.4,62.3,0.0,51.8,2012-11-18
3.2,70.0,1.0,80.5,2012-11-19
0.3,63.2,0.0,80.8,2012-11-20
0.3,72.4,0.0,51.6,2012-11-21
2.9,76.8,0.0,71.4,2012-11-22
4.1,70.6,0.0,52.1,2012-11-23
1.0,61.0,0.0,41.9,2012-11-24
0.9,65.2,0.0,62.0,2012-11-25
2.3,61.8,2.0,42.7,2012-11-26
-1.1,51.9,0.0,42.9,2012-11-27
3.7,69.5,1.0,43.5,2012-11-28
0.1,59.6,0.0,43.2,2012-11-29
0.6,56.7,0.0,43.1,2012-11-30
-1.0,52.7,0.0,44.3,2012-12-01
1.3,68.8,0.0,15.6,2012-12-02
1.0,79.6,5.0,53.4,2012-12-03
-2.3,52.8,0.0,33.6,2012-12-04
-2.4,71.3,4.0,43.9,2012-12-05
-7.2,53.0,1.0,35.4,2012-12-06
-4.5,83.1,6.0,27.4,2012-12-07
-7.6,55.6,0.0,16.5,2012-12-08
-10.9,56.8,0.0,13.2,2012-12-09
-11.5,65.9,0.0,45.4,2012-12-10
-10.3,70.7,0.0,16.8,2012-12-11
-9.6,73.5,0.0,26.4,2012-12-12
-6.9,75.7,0.0,26.9,2012-12-13
-0.2,87.2,25.0,63.7,2012-12-14
2.7,95.2,2.0,72.6,2012-12-15
2.3,87.3,0.0,137.5,2012-12-16
0.6,76.9,0.0,137.8,2012-12-17
-5.0,54.1,0.0,101.0,2012-12-18
-7.5,61.8,0.0,81.9,2012-12-19
-5.4,62.8,0.0,82.2,2012-12-20
-1.2,75.1,0.0,55.4,2012-12-21
-1.8,77.3,0.0,37.0,2012-12-22
-6.5,49.3,0.0,74.5,2012-12-23
-9.8,61.0,0.0,46.3,2012-12-24
-6.9,55.3,0.0,28.9,2012-12-25
-11.6,44.8,0.0,36.7,2012-12-26
-8.3,56.8,0.0,38.4,2012-12-27
-3.1,76.3,2.0,47.3,2012-12-28
-0.9,90.4,2.0,39.0,2012-12-29
-6.4,63.3,1.0,38.9,2012-12-30
-11.1,61.4,0.0,11.0,2012-12-31
-6.4,82.0,3.0,43.1,2013-01-01
-9.6,46.0,1.0,49.3,2013-01-02
-15.5,56.4,0.0,19.8,2013-01-03
-15.1,63.7,0.0,23.3,2013-01-04
-11.2,67.4,0.0,0.0,2013-01-05
-8.1,69.1,0.0,42.0,2013-01-06
-8.5,65.9,0.0,32.5,2013-01-07
-7.1,64.5,0.0,7.0,2013-01-08
-9.2,47.0,0.0,51.0,2013-01-09
-11.8,53.0,0.0,7.7,2013-01-10
-8.2,64.8,0.0,16.5,2013-01-11
-2.4,74.5,0.0,25.4,2013-01-12
-3.5,81.8,0.0,31.4,2013-01-13
-4.7,80.4,0.0,43.9,2013-01-14
-5.1,74.0,0.0,18.1,2013-01-15
-3.5,76.8,0.0,44.0,2013-01-16
-4.2,65.7,0.0,1.8,2013-01-17
-6.5,63.5,0.0,18.7,2013-01-18
-1.7,68.2,0.0,11.7,2013-01-19
-0.5,68.3,0.0,36.2,2013-01-20
3.1,83.9,19.0,11.3,2013-01-21
3.0,85.5,4.0,63.0,2013-01-22
2.2,83.0,1.0,79.6,2013-01-23
-0.4,69.8,1.0,21.1,2013-01-24
-7.1,40.5,0.0,17.8,2013-01-25
-8.3,43.2,0.0,37.9,2013-01-26
-7.9,60.7,0.0,22.5,2013-01-27
-4.7,62.9,0.0,30.9,2013-01-28
1.2,71.1,0.0,38.7,2013-01-29
3.6,72.5,0.0,6.5,2013-01-30
5.2,63.0,0.0,14.8,2013-01-31
9.1,80.8,20.0,109.2,2013-02-01
1.0,64.8,0.0,281.8,2013-02-02
-2.4,67.3,2.0,257.4,2013-02-03
0.1,81.2,4.0,233.8,2013-02-04
-1.4,86.8,1.0,160.8,2013-02-05
-0.5,82.3,4.0,118.1,2013-02-06
-8.5,45.5,1.0,101.5,2013-02-07
-11.8,44.4,0.0,67.9,2013-02-08
-10.0,58.5,0.0,51.8,2013-02-09
-4.8,63.3,0.0,90.6,2013-02-10
-6.5,49.5,0.0,69.0,2013-02-11
-4.0,58.4,0.0,57.7,2013-02-12
-2.8,62.1,0.0,65.1,2013-02-13
-0.6,58.3,0.0,41.1,2013-02-14
-0.6,49.4,0.0,48.8,2013-02-15
-4.0,43.7,0.0,26.9,2013-02-16
1.4,44.8,0.0,78.5,2013-02-17
2.6,53.8,0.0,19.8,2013-02-18
-1.2,37.0,0.0,36.7,2013-02-19
-3.6,34.9,0.0,37.4,2013-02-20
-2.1,47.5,0.0,51.2,2013-02-21
0.0,55.1,0.0,16.4,2013-02-22
-1.6,43.4,0.0,0.9,2013-02-23
0.2,53.2,0.0,66.9,2013-02-24
0.9,53.1,0.0,27.2,2013-02-25
3.1,58.6,0.0,4.3,2013-02-26
5.3,62.9,0.0,76.6,2013-02-27
5.4,52.7,0.0,29.8,2013-02-28
2.7,60.5,5.0,27.4,2013-03-01
-1.2,50.2,0.0,65.7,2013-03-02
-0.3,53.1,0.0,58.0,2013-03-03
0.9,62.6,0.0,43.0,2013-03-04
2.5,58.0,0.0,35.2,2013-03-05
4.9,50.7,0.0,74.0,2013-03-06
7.3,71.0,1.0,35.3,2013-03-07
7.8,71.6,0.0,58.6,2013-03-08
13.0,53.5,0.0,27.5,2013-03-09
4.5,39.3,0.0,135.5,2013-03-10
3.0,47.4,0.0,150.9,2013-03-11
6.6,55.9,0.0,158.2,2013-03-12
6.6,83.0,21.0,181.7,2013-03-13
4.9,57.2,0.0,267.0,2013-03-14
4.3,55.4,0.0,233.3,2013-03-15
5.7,43.5,0.0,185.6,2013-03-16
8.2,51.0,2.0,148.8,2013-03-17
8.9,79.0,13.0,210.2,2013-03-18
9.9,61.2,0.0,234.5,2013-03-19
6.1,58.8,4.0,266.3,2013-03-20
0.9,43.1,0.0,235.0,2013-03-21
3.4,58.8,0.0,195.6,2013-03-22
6.4,56.5,0.0,163.3,2013-03-23
5.0,48.8,0.0,196.0,2013-03-24
2.8,51.4,0.0,117.0,2013-03-25
3.4,47.3,0.0,108.4,2013-03-26
5.7,47.0,0.0,131.7,2013-04-11
5.0,51.5,0.0,110.0,2013-04-12
10.6,40.3,0.0,88.1,2013-04-13
10.1,51.8,2.0,131.9,2013-04-14
5.1,49.5,0.0,95.1,2013-04-15
15.4,51.8,0.0,95.4,2013-04-16
12.5,76.6,0.0,88.0,2013-04-17
12.1,51.5,0.0,102.9,2013-04-18
10.5,31.3,0.0,96.1,2013-04-19
5.4,79.4,11.0,80.7,2013-04-20
8.5,57.8,0.0,103.1,2013-04-21
10.6,48.8,0.0,95.9,2013-04-22
10.7,71.5,7.0,87.6,2013-04-23
13.3,68.7,2.0,102.4,2013-04-24
9.6,77.2,5.0,102.0,2013-04-25
10.4,60.7,0.0,124.2,2013-04-26
10.8,59.0,0.0,110.4,2013-04-27
14.9,55.2,0.0,138.9,2013-04-28
14.2,62.9,8.0,117.0,2013-04-29
12.8,45.5,0.0,117.5,2013-04-30
13.0,48.6,0.0,132.5,2013-05-01
11.6,66.1,0.0,89.7,2013-05-02
13.0,59.6,0.0,96.7,2013-05-03
12.5,59.9,0.0,103.7,2013-05-04
14.1,49.5,0.0,61.5,2013-05-05
15.1,45.4,0.0,76.4,2013-05-06
17.7,50.0,0.0,68.9,2013-05-07
18.7,49.0,0.0,54.8,2013-05-08
17.0,62.2,2.0,66.8,2013-05-09
15.3,89.1,18.0,74.2,2013-05-10
17.6,56.6,0.0,74.8,2013-05-11
20.2,54.6,0.0,75.3,2013-05-12
21.3,48.0,0.0,68.6,2013-05-13
19.2,49.8,0.0,54.7,2013-05-14
19.8,50.3,0.0,56.7,2013-05-15
20.2,40.8,0.0,57.2,2013-05-16
17.9,45.3,0.0,18.0,2013-05-17
18.2,57.3,3.0,71.6,2013-05-18
16.1,85.5,17.0,39.9,2013-05-19
16.1,74.3,0.0,99.2,2013-05-20
16.5,60.0,0.0,86.7,2013-05-21
18.9,63.1,0.0,106.5,2013-05-22
22.0,62.2,0.0,74.0,2013-05-23
22.0,62.8,0.0,80.4,2013-05-24
23.9,60.5,0.0,55.2,2013-05-25
24.1,48.2,0.0,55.7,2013-05-26
20.7,70.4,29.0,74.9,2013-05-27
20.7,82.5,11.0,164.5,2013-05-28
17.7,86.0,0.0,259.5,2013-05-29
18.5,63.5,0.0,214.2,2013-05-30
19.5,57.7,0.0,170.6,2013-05-31
20.1,63.8,0.0,124.6,2013-06-01
21.6,56.3,0.0,113.4,2013-06-02
22.1,55.5,0.0,99.6,2013-06-03
22.4,57.8,0.0,74.2,2013-06-04
23.2,60.7,0.0,68.1,2013-06-05
23.9,64.7,0.0,44.2,2013-06-06
24.4,61.0,0.0,63.2,2013-06-07
23.9,60.0,0.0,33.1,2013-06-08
23.4,48.8,0.0,65.3,2013-06-09
24.0,49.5,0.0,28.9,2013-06-10
22.7,58.4,0.0,48.0,2013-06-11
21.0,88.4,3.0,12.5,2013-06-12
22.9,74.8,0.0,68.5,2013-06-13
23.9,76.0,0.0,27.2,2013-06-14
25.0,65.4,0.0,51.7,2013-06-15
24.1,66.9,0.0,17.8,2013-06-16
23.6,66.0,0.0,54.9,2013-06-17
21.7,94.9,78.0,176.2,2013-06-18
23.5,76.8,8.0,561.7,2013-06-19
24.8,69.9,0.0,378.5,2013-06-20
25.6,67.7,0.0,224.5,2013-06-21
25.3,66.2,0.0,157.6,2013-06-22
23.0,72.0,0.0,139.8,2013-06-23
22.4,72.5,0.0,97.6,2013-06-24
24.8,69.8,0.0,98.6,2013-06-25
23.7,75.1,3.0,92.6,2013-06-26
24.3,70.5,1.0,98.7,2013-06-27
23.7,75.5,0.0,140.5,2013-06-28
25.5,70.1,0.0,140.2,2013-06-29
26.5,65.0,0.0,117.4,2013-06-30
26.3,70.1,0.0,101.1,2013-07-01
26.4,76.2,1.0,112.4,2013-07-02
26.4,69.6,1.0,100.8,2013-07-03
26.3,79.6,3.0,126.4,2013-07-04
23.9,88.4,50.0,207.9,2013-07-05
26.2,74.0,0.0,267.2,2013-07-06
24.9,85.0,6.0,197.4,2013-07-07
25.7,87.9,7.0,156.2,2013-07-08
26.3,83.1,0.0,139.1,2013-07-09
27.5,79.2,0.0,138.4,2013-07-10
26.7,81.4,0.0,126.6,2013-07-11
25.8,78.5,0.0,151.1,2013-07-12
25.5,89.5,23.0,192.4,2013-07-13
24.7,89.7,42.0,952.6,2013-07-14
25.7,88.6,7.0,4296.1,2013-07-15
27.9,65.3,0.0,4379.9,2013-07-16
25.1,81.8,21.0,1191.1,2013-07-17
25.9,83.5,2.0,931.0,2013-07-18
26.5,79.1,1.0,681.4,2013-07-19
27.5,70.8,0.0,508.6,2013-07-20
27.9,71.0,0.0,333.5,2013-07-21
27.3,80.7,14.0,1785.4,2013-07-22
26.3,81.5,47.0,2120.6,2013-07-23
26.2,77.9,12.0,1562.4,2013-07-24
26.0,71.0,0.0,1106.9,2013-07-25
26.7,69.0,0.0,628.3,2013-07-26
25.5,71.1,0.0,393.6,2013-07-27
25.4,84.6,2.0,267.6,2013-07-28
27.3,79.5,3.0,208.3,2013-07-29
26.2,75.7,1.0,152.4,2013-07-30
27.0,81.8,87.0,349.5,2013-07-31
27.6,71.5,0.0,416.4,2013-08-01
26.3,84.1,54.0,477.9,2013-08-02
26.5,82.5,2.0,334.9,2013-08-03
26.7,84.4,9.0,252.8,2013-08-04
27.7,77.5,0.0,225.5,2013-08-05
26.8,81.3,1.0,289.3,2013-08-06
27.9,79.3,0.0,217.0,2013-08-07
29.2,78.0,0.0,182.6,2013-08-08
29.6,75.3,2.0,156.7,2013-08-09
26.3,84.6,23.0,212.1,2013-08-10
27.2,77.0,0.0,202.6,2013-08-11
28.1,73.5,0.0,145.8,2013-08-12
28.1,73.8,0.0,128.4,2013-08-13
27.5,73.0,0.0,101.5,2013-08-14
27.8,75.3,0.0,91.7,2013-08-15
28.0,72.0,0.0,73.9,2013-08-16
27.3,71.5,0.0,83.1,2013-08-17
27.3,77.3,0.0,56.5,2013-08-18
27.0,78.5,0.0,59.5,2013-08-19
25.6,63.9,0.0,74.0,2013-08-20
27.5,68.7,0.0,45.2,2013-08-21
27.4,82.8,17.0,91.9,2013-08-22
24.4,92.9,33.0,284.3,2013-08-23
25.5,74.6,0.0,193.3,2013-08-24
24.9,72.0,0.0,147.4,2013-08-25
24.0,67.2,0.0,83.2,2013-08-26
23.9,73.6,0.0,83.5,2013-08-27
25.1,69.6,0.0,56.1,2013-08-28
23.8,89.2,54.0,165.7,2013-08-29
25.2,76.8,0.0,134.6,2013-08-30
23.1,74.8,0.0,111.6,2013-08-31
23.1,71.6,0.0,81.4,2013-09-01
20.6,74.8,0.0,71.8,2013-09-02
18.6,76.9,0.0,63.2,2013-09-03
19.7,67.1,0.0,54.0,2013-09-04
19.7,63.3,0.0,53.9,2013-09-05
18.8,84.3,3.0,44.9,2013-09-06
20.2,80.1,0.0,45.4,2013-09-07
20.0,78.8,0.0,45.6,2013-09-08
20.8,75.7,0.0,44.8,2013-09-09
21.4,82.6,2.0,18.1,2013-09-10
21.1,91.2,19.0,100.3,2013-09-11
22.6,88.5,8.0,73.0,2013-09-12
23.2,88.9,3.0,63.9,2013-09-13
21.2,92.2,38.0,299.5,2013-09-14
21.6,82.5,0.0,502.1,2013-09-15
19.3,73.3,0.0,256.3,2013-09-16
19.8,73.1,0.0,192.5,2013-09-17
21.6,75.8,0.0,109.3,2013-09-18
22.3,68.4,0.0,108.9,2013-09-19
20.9,79.7,0.0,90.7,2013-09-20
21.9,76.9,0.0,72.2,2013-09-21
21.6,62.8,0.0,99.9,2013-09-22
21.7,64.4,0.0,34.7,2013-09-23
20.5,87.8,5.0,72.3,2013-09-24
20.1,70.2,1.0,54.2,2013-09-25
15.8,58.0,0.0,63.3,2013-09-26
15.0,64.9,0.0,53.8,2013-09-27
16.8,76.0,0.0,54.0,2013-09-28
18.0,94.0,40.0,118.4,2013-09-29
21.2,78.0,0.0,210.5,2013-09-30
20.8,74.2,0.0,238.5,2013-10-01
18.9,76.7,0.0,192.8,2013-10-02
14.2,66.5,0.0,128.0,2013-10-03
14.7,75.0,0.0,90.8,2013-10-04
16.5,71.3,0.0,99.8,2013-10-05
19.7,71.8,0.0,72.1,2013-10-06
22.2,76.5,0.0,66.0,2013-10-07
20.1,86.4,6.0,97.3,2013-10-08
20.1,74.1,0.0,90.5,2013-10-09
19.0,85.3,0.0,155.2,2013-10-10
18.0,63.9,0.0,127.8,2013-10-11
13.7,61.0,0.0,81.5,2013-10-12
14.1,74.0,0.0,90.9,2013-10-13
15.3,72.5,0.0,72.2,2013-10-14
13.0,74.3,2.0,63.1,2013-10-15
8.9,68.0,0.0,53.8,2013-10-16
9.0,72.5,0.0,62.9,2013-10-17
11.0,71.3,0.0,44.5,2013-10-18
12.5,74.9,0.0,63.0,2013-10-19
14.4,72.6,0.0,54.4,2013-10-20
14.0,66.1,0.0,45.2,2013-10-21
15.2,55.2,0.0,35.9,2013-10-22
14.3,69.0,0.0,36.0,2013-10-23
12.5,69.5,0.0,35.8,2013-10-24
8.3,57.7,0.0,36.2,2013-10-25
7.3,71.3,0.0,36.2,2013-10-26
7.5,73.8,0.0,36.4,2013-10-27
8.2,76.5,0.0,27.5,2013-10-28
10.4,72.6,0.0,36.4,2013-10-29
10.8,70.3,0.0,27.5,2013-10-30
9.3,74.5,0.0,27.8,2013-10-31
12.0,68.6,0.0,69.9,2013-11-01
12.0,86.3,4.0,35.0,2013-11-02
10.9,85.5,3.0,17.0,2013-11-03
10.3,84.6,0.0,43.9,2013-11-04
9.6,76.2,0.0,26.5,2013-11-05
8.7,88.5,4.0,17.7,2013-11-06
11.5,64.0,0.0,26.2,2013-11-07
6.8,73.2,0.0,44.5,2013-11-08
10.7,75.1,9.0,8.8,2013-11-09
7.6,55.7,3.0,44.2,2013-11-10
2.6,45.0,0.0,26.7,2013-11-11
1.9,52.6,0.0,18.3,2013-11-12
2.0,66.9,0.0,27.0,2013-11-13
3.5,72.7,0.0,26.9,2013-11-14
6.1,80.2,0.0,17.9,2013-11-15
5.0,84.8,0.0,13.7,2013-11-16
5.7,63.6,18.0,15.2,2013-11-17
1.9,51.1,0.0,9.5,2013-11-18
1.6,54.0,0.0,18.1,2013-11-19
1.6,48.1,0.0,27.7,2013-11-20
-0.2,71.3,0.0,10.5,2013-11-21
2.1,70.1,0.0,19.4,2013-11-22
3.2,76.1,0.0,24.7,2013-11-23
5.4,72.1,5.0,33.6,2013-11-24
6.1,71.0,7.0,15.0,2013-11-25
0.7,66.1,0.0,54.3,2013-11-26
0.1,76.4,9.0,45.7,2013-11-27
-3.6,61.8,0.0,54.2,2013-11-28
-1.4,67.0,0.0,28.5,2013-11-29
1.2,76.8,0.0,41.9,2013-11-30
2.3,77.8,0.0,26.9,2013-12-01
0.6,83.2,0.0,33.3,2013-12-02
4.5,71.5,0.0,21.8,2013-12-03
2.5,82.2,0.0,30.5,2013-12-04
3.4,89.1,0.0,30.6,2013-12-05
2.0,58.7,0.0,33.0,2013-12-06
3.1,68.3,0.0,34.5,2013-12-07
2.8,78.8,0.0,26.2,2013-12-08
4.1,89.0,62.0,43.1,2013-12-09
1.1,68.6,0.0,51.4,2013-12-10
-1.0,63.1,1.0,43.1,2013-12-11
-1.8,69.7,4.0,60.0,2013-12-12
-5.7,52.5,0.0,68.5,2013-12-13
-4.2,79.2,0.0,51.8,2013-12-14
-5.9,66.5,0.0,17.7,2013-12-15
-5.2,75.4,0.0,14.8,2013-12-16
-1.6,76.3,0.0,51.7,2013-12-17
2.4,70.7,0.0,34.8,2013-12-18
-2.4,80.1,0.0,22.1,2013-12-19
-4.5,68.3,0.0,43.5,2013-12-20
-2.7,69.8,0.0,43.2,2013-12-21
-4.3,73.0,0.0,19.6,2013-12-22
-1.3,68.5,0.0,19.2,2013-12-23
-4.0,74.5,0.0,44.8,2013-12-24
-2.5,71.6,0.0,19.9,2013-12-25
0.2,75.2,1.0,11.6,2013-12-26
-4.7,56.6,0.0,20.0,2013-12-27
-7.0,55.3,0.0,46.7,2013-12-28
-4.5,63.1,0.0,6.2,2013-12-29
1.8,61.3,0.0,0.0,2013-12-30
1.8,68.9,0.0,46.9,2013-12-31
3.2,55.1,0.0,29.4,2014-01-01
0.7,52.2,0.0,0.0,2014-01-02
0.0,62.3,0.0,29.5,2014-01-03
0.2,72.4,0.0,21.5,2014-01-04
-0.7,67.7,0.0,13.7,2014-01-05
-2.2,66.3,0.0,21.6,2014-01-06
-1.3,72.0,0.0,14.6,2014-01-07
1.2,61.5,0.0,6.9,2014-01-08
-6.2,31.6,0.0,30.9,2014-01-09
-6.9,57.0,0.0,0.0,2014-01-10
-3.0,61.1,0.0,14.9,2014-01-11
-1.9,56.0,0.0,6.4,2014-01-12
-7.1,42.5,0.0,16.7,2014-01-13
-6.6,49.2,0.0,7.9,2014-01-14
-5.4,56.2,0.0,8.7,2014-01-15
-3.7,70.7,0.0,16.8,2014-01-16
-2.9,72.3,0.0,9.5,2014-01-17
-2.7,53.8,0.0,17.3,2014-01-18
-4.5,50.6,0.0,9.5,2014-01-19
-1.6,80.0,3.0,17.9,2014-01-20
-4.4,67.8,0.0,11.0,2014-01-21
-4.2,61.6,0.0,11.2,2014-01-22
-4.8,71.5,0.0,3.7,2014-01-23
-0.7,78.1,0.0,12.3,2014-01-24
3.6,86.1,3.0,11.9,2014-01-25
-1.1,63.0,0.0,20.5,2014-01-26
-2.1,60.0,0.0,0.0,2014-01-27
1.1,61.0,0.0,13.0,2014-01-28
-0.5,58.5,0.0,0.0,2014-01-29
2.6,81.4,3.0,21.2,2014-01-30
-0.1,61.2,0.0,77.1,2014-01-31
3.5,73.8,16.0,3.5,2014-02-01
6.5,96.6,0.0,13.0,2014-02-02
0.1,55.4,0.0,58.3,2014-02-03
-6.7,33.3,0.0,62.9,2014-02-04
-6.2,42.6,0.0,52.7,2014-02-05
-2.6,48.4,0.0,38.3,2014-02-06
2.1,53.2,0.0,45.5,2014-02-07
2.1,72.1,4.0,45.4,2014-02-08
-0.6,85.3,2.0,67.2,2014-02-09
0.1,62.0,0.0,1.5,2014-02-10
-0.4,48.8,0.0,45.7,2014-02-11
1.0,51.1,0.0,16.5,2014-02-12
1.5,61.3,0.0,38.2,2014-02-13
1.3,57.4,0.0,16.8,2014-02-14
0.5,63.8,0.0,24.1,2014-02-15
1.0,64.6,0.0,16.6,2014-02-16
3.7,56.5,0.0,16.7,2014-02-17
2.7,43.8,0.0,30.9,2014-02-18
0.8,51.4,0.0,16.9,2014-02-19
-0.4,63.4,0.0,24.1,2014-02-20
-0.7,60.3,0.0,17.4,2014-02-21
-0.2,57.8,0.0,38.8,2014-02-22
1.0,57.8,0.0,31.3,2014-02-23
2.2,61.7,0.0,17.4,2014-02-24
3.4,64.3,0.0,0.0,2014-02-25
4.2,66.0,0.0,17.8,2014-02-26
7.2,59.6,0.0,10.6,2014-02-27
7.1,57.6,0.0,24.7,2014-02-28
7.9,56.3,0.0,10.8,2014-03-01
3.8,52.0,0.0,60.1,2014-03-02
3.1,44.3,0.0,10.8,2014-03-03
3.5,47.6,0.0,39.1,2014-03-04
2.8,42.3,0.0,25.2,2014-03-05
-0.1,41.1,0.0,25.1,2014-03-06
-0.1,30.3,0.0,25.2,2014-03-07
0.9,43.9,0.0,18.5,2014-03-08
0.7,54.6,2.0,39.3,2014-03-09
0.2,42.1,0.0,18.6,2014-03-10
3.0,45.8,0.0,18.7,2014-03-11
3.4,70.9,14.0,32.5,2014-03-12
4.3,59.5,2.0,39.4,2014-03-13
2.3,52.0,0.0,39.4,2014-03-14
5.3,56.2,0.0,46.4,2014-03-15
9.6,57.8,0.0,39.3,2014-03-16
12.4,58.8,0.0,19.4,2014-03-17
12.9,58.2,0.0,40.1,2014-03-18
8.7,59.5,0.0,67.1,2014-03-19
5.1,81.7,9.0,128.4,2014-03-20
3.7,65.9,0.0,108.2,2014-03-21
6.4,53.1,0.0,94.4,2014-03-22
9.1,54.2,0.0,87.7,2014-03-23
9.5,50.7,0.0,73.8,2014-03-24
14.5,61.2,0.0,60.1,2014-03-25
14.0,74.4,0.0,87.9,2014-03-26
12.8,59.2,0.0,101.5,2014-03-27
15.1,55.1,0.0,101.6,2014-03-28
13.2,72.7,6.0,108.8,2014-03-29
12.8,68.2,3.0,108.7,2014-03-30
12.3,57.5,0.0,116.0,2014-03-31
12.8,47.3,0.0,81.1,2014-04-01
14.6,38.3,0.0,88.0,2014-04-02
10.0,56.1,12.0,67.4,2014-04-03
5.8,54.9,1.0,81.4,2014-04-04
4.9,56.5,0.0,58.6,2014-04-05
6.1,46.4,0.0,58.7,2014-04-06
9.3,51.0,0.0,89.8,2014-04-07
10.9,40.9,0.0,54.1,2014-04-08
12.1,50.8,0.0,69.0,2014-04-09
12.8,58.6,0.0,68.7,2014-04-10
13.7,42.2,0.0,77.8,2014-04-11
12.9,65.1,0.0,58.0,2014-04-12
14.8,53.9,0.0,84.9,2014-04-13
13.9,42.1,0.0,28.3,2014-04-14
14.8,56.1,0.0,40.3,2014-04-15
15.7,65.8,0.0,47.6,2014-04-16
13.5,59.1,5.0,53.3,2014-04-17
15.3,65.0,0.0,47.3,2014-04-18
13.5,53.6,0.0,42.3,2014-04-19
14.6,41.5,0.0,49.0,2014-04-20
14.3,48.3,0.0,18.4,2014-04-21
13.9,41.2,0.0,31.9,2014-04-22
14.7,41.7,0.0,32.1,2014-04-23
16.3,47.8,0.0,25.4,2014-04-24
16.7,41.1,0.0,39.5,2014-04-25
16.6,45.3,0.0,87.3,2014-04-26
15.0,74.0,0.0,29.6,2014-04-27
13.3,78.0,7.0,46.8,2014-04-28
15.2,64.5,3.0,38.5,2014-04-29
14.9,75.0,0.0,63.4,2014-04-30
16.3,60.8,0.0,241.5,2014-05-01
16.4,60.4,0.0,104.4,2014-05-02
13.8,43.2,0.0,90.4,2014-05-03
12.4,53.7,0.0,34.5,2014-05-04
10.5,45.3,0.0,79.0,2014-05-05
12.3,46.4,0.0,34.7,2014-05-06
15.0,42.5,0.0,45.7,2014-05-07
15.0,65.3,3.0,54.1,2014-05-08
14.4,58.3,0.0,24.6,2014-05-09
18.1,39.4,0.0,29.5,2014-05-10
19.1,39.3,8.0,35.9,2014-05-11
18.3,61.3,6.0,31.8,2014-05-12
19.8,55.7,0.0,26.3,2014-05-13
20.4,51.6,0.0,36.3,2014-05-14
18.6,51.3,0.0,33.9,2014-05-15
17.8,45.6,0.0,33.9,2014-05-16
18.4,50.5,35.0,22.7,2014-05-17
18.8,53.2,0.0,34.7,2014-05-18
19.6,49.7,0.0,22.8,2014-05-19
18.9,53.5,0.0,29.6,2014-05-20
17.9,59.9,0.0,12.0,2014-05-21
20.2,52.8,0.0,24.4,2014-05-22
21.7,56.5,0.0,0.0,2014-05-23
22.5,62.0,0.0,24.8,2014-05-24
21.8,60.8,0.0,19.2,2014-05-25
20.4,56.6,8.0,20.1,2014-05-26
22.0,39.0,0.0,20.5,2014-05-27
23.6,47.9,0.0,9.1,2014-05-28
23.2,52.8,0.0,26.6,2014-05-29
23.5,47.0,0.0,26.8,2014-05-30
25.5,46.5,0.0,0.0,2014-05-31
24.0,55.2,0.0,11.7,2014-06-01
22.3,60.5,1.0,23.5,2014-06-02
20.8,66.0,0.0,13.4,2014-06-03
22.3,56.3,0.0,13.8,2014-06-04
21.6,52.9,0.0,13.8,2014-06-05
22.7,53.2,0.0,19.8,2014-06-06
23.3,58.5,0.0,14.4,2014-06-07
23.1,59.4,0.0,14.8,2014-06-08
22.4,68.6,3.0,20.6,2014-06-09
21.7,69.6,5.0,26.1,2014-06-10
20.1,77.8,12.0,42.2,2014-06-11
20.8,63.4,2.0,32.0,2014-06-12
19.4,77.5,0.0,31.9,2014-06-13
22.6,64.0,0.0,42.6,2014-06-14
22.0,62.7,0.0,12.0,2014-06-15
22.8,56.7,0.0,28.2,2014-06-16
23.6,57.2,0.0,23.3,2014-06-17
24.0,55.4,0.0,18.7,2014-06-18
22.6,66.9,0.0,13.5,2014-06-19
23.6,63.9,0.0,24.9,2014-06-20
23.8,58.8,0.0,14.9,2014-06-21
22.8,65.6,52.0,45.8,2014-06-22
20.7,82.8,11.0,41.1,2014-06-23
22.1,71.8,0.0,45.7,2014-06-24
23.1,67.3,0.0,35.8,2014-06-25
24.5,64.1,0.0,41.0,2014-06-26
25.1,57.6,0.0,40.7,2014-06-27
24.3,58.5,0.0,31.0,2014-06-28
24.0,59.3,0.0,40.9,2014-06-29
24.6,65.6,0.0,20.8,2014-06-30
25.0,67.0,0.0,31.4,2014-07-01
25.1,72.0,0.0,31.3,2014-07-02
23.5,66.9,4.0,36.6,2014-07-03
25.8,54.9,0.0,51.0,2014-07-04
24.6,62.3,0.0,31.5,2014-07-05
22.3,74.0,1.0,36.6,2014-07-06
24.7,65.2,0.0,36.3,2014-07-07
26.9,65.8,15.0,32.8,2014-07-08
26.8,79.3,0.0,27.7,2014-07-09
27.8,64.3,0.0,22.3,2014-07-10
26.1,51.3,0.0,32.7,2014-07-11
24.4,63.1,0.0,27.4,2014-07-12
24.4,73.0,2.0,18.3,2014-07-13
25.9,62.3,0.0,23.3,2014-07-14
25.2,67.8,0.0,13.8,2014-07-15
26.2,63.3,0.0,33.2,2014-07-16
25.8,69.5,0.0,14.4,2014-07-17
24.0,80.2,19.0,19.0,2014-07-18
26.6,75.4,0.0,14.2,2014-07-19
27.9,68.3,0.0,14.5,2014-07-20
26.8,76.2,0.0,19.6,2014-07-21
26.5,70.8,2.0,10.3,2014-07-22
24.1,89.2,37.0,37.9,2014-07-23
23.5,89.8,5.0,33.4,2014-07-24
29.1,69.4,3.0,33.3,2014-07-25
25.1,68.6,0.0,52.1,2014-07-26
24.3,66.3,0.0,47.7,2014-07-27
24.9,65.5,0.0,47.5,2014-07-28
23.0,77.3,1.0,38.0,2014-07-29
27.0,70.6,0.0,33.2,2014-07-30
27.1,77.3,0.0,24.3,2014-07-31
28.5,64.3,0.0,33.9,2014-08-01
29.8,52.8,4.0,29.4,2014-08-02
25.9,79.8,11.0,80.2,2014-08-03
25.2,92.4,6.0,122.0,2014-08-04
26.7,84.1,11.0,145.3,2014-08-05
25.0,83.8,18.0,122.6,2014-08-06
21.0,90.5,32.0,208.0,2014-08-07
24.0,65.8,0.0,253.0,2014-08-08
24.5,55.8,0.0,197.5,2014-08-09
23.0,78.2,54.0,150.0,2014-08-10
22.7,75.5,0.0,500.5,2014-08-11
24.1,71.1,0.0,615.1,2014-08-12
22.1,88.7,10.0,312.0,2014-08-13
20.7,90.7,12.0,203.5,2014-08-14
24.0,81.9,0.0,149.1,2014-08-15
24.9,80.0,9.0,144.5,2014-08-16
22.7,88.5,31.0,128.4,2014-08-17
21.3,90.0,28.0,239.7,2014-08-18
22.9,93.0,5.0,514.0,2014-08-19
23.4,92.1,6.0,834.0,2014-08-20
24.2,88.4,27.0,983.4,2014-08-21
24.1,78.3,0.0,989.1,2014-08-22
23.9,81.3,0.0,645.9,2014-08-23
24.9,79.2,0.0,398.5,2014-08-24
22.5,88.2,7.0,297.5,2014-08-25
24.0,77.5,0.0,233.8,2014-08-26
23.2,68.3,0.0,198.9,2014-08-27
22.7,68.1,0.0,170.5,2014-08-28
22.3,74.5,0.0,156.6,2014-08-29
22.6,66.2,0.0,135.0,2014-08-30
20.8,69.3,0.0,113.6,2014-08-31
22.3,68.3,0.0,87.5,2014-09-01
22.0,72.5,4.0,80.7,2014-09-02
21.9,85.3,30.0,152.7,2014-09-03
22.0,75.9,0.0,518.9,2014-09-04
22.3,74.3,0.0,384.7,2014-09-05
22.6,77.2,0.0,268.0,2014-09-06
23.2,77.8,0.0,200.8,2014-09-07
23.0,79.8,0.0,155.6,2014-09-08
21.9,72.4,0.0,125.8,2014-09-09
19.7,72.1,0.0,110.2,2014-09-10
20.4,74.0,0.0,94.8,2014-09-11
20.0,80.2,0.0,72.2,2014-09-12
20.7,71.3,0.0,72.1,2014-09-13
20.5,64.6,0.0,65.0,2014-09-14
21.4,69.2,0.0,49.3,2014-09-15
20.6,68.8,0.0,50.0,2014-09-16
19.1,74.4,0.0,49.7,2014-09-17
18.2,70.7,0.0,49.6,2014-09-18
17.6,65.4,0.0,34.9,2014-09-19
17.8,61.3,0.0,42.6,2014-09-20
18.1,66.5,0.0,35.2,2014-09-21
19.2,67.4,0.0,35.0,2014-09-22
20.6,64.8,0.0,28.2,2014-09-23
17.8,91.7,79.0,228.9,2014-09-24
19.4,80.0,0.0,229.7,2014-09-25
19.7,73.0,0.0,147.6,2014-09-26
19.6,77.6,0.0,117.4,2014-09-27
20.2,84.2,0.0,95.1,2014-09-28
19.4,96.0,4.0,80.0,2014-09-29
19.0,73.3,0.0,65.1,2014-09-30
18.5,66.7,0.0,55.4,2014-10-01
18.4,78.0,0.0,55.2,2014-10-02
16.3,70.5,0.0,55.7,2014-10-03
15.6,66.2,0.0,33.1,2014-10-04
15.2,59.2,0.0,33.4,2014-10-05
13.4,67.7,0.0,48.3,2014-10-06
13.7,71.3,0.0,26.1,2014-10-07
14.2,75.1,0.0,33.4,2014-10-08
14.8,75.8,0.0,48.9,2014-10-09
17.2,67.9,0.0,22.0,2014-10-10
17.7,57.9,0.0,24.5,2014-10-11
15.5,71.8,0.0,32.0,2014-10-12
17.1,56.0,0.0,22.8,2014-10-13
11.0,65.3,0.0,27.5,2014-10-14
10.4,69.7,0.0,85.9,2014-10-15
10.5,68.6,1.0,64.1,2014-10-16
9.2,63.1,0.0,31.2,2014-10-17
10.7,69.5,0.0,68.9,2014-10-18
13.0,69.5,0.0,25.3,2014-10-19
14.0,96.7,29.0,54.3,2014-10-20
14.0,92.0,85.0,354.1,2014-10-21
12.7,71.0,6.0,622.5,2014-10-22
11.0,79.6,0.0,521.7,2014-10-23
11.4,86.0,0.0,301.2,2014-10-24
13.1,81.6,0.0,206.1,2014-10-25
12.9,80.6,0.0,144.5,2014-10-26
10.8,62.3,0.0,126.3,2014-10-27
7.4,71.5,0.0,100.9,2014-10-28
8.5,69.4,0.0,93.5,2014-10-29
9.9,64.4,0.0,69.8,2014-10-30
11.4,84.9,25.0,116.2,2014-10-31
13.7,95.8,1.0,175.3,2014-11-01
11.8,61.8,5.0,188.9,2014-11-02
6.6,49.3,0.0,170.2,2014-11-03
7.0,72.9,0.0,137.5,2014-11-04
7.7,75.5,0.0,129.2,2014-11-05
10.1,80.9,0.0,105.6,2014-11-06
8.7,88.0,0.0,92.1,2014-11-07
10.0,86.7,0.0,87.9,2014-11-08
8.9,64.6,0.0,80.1,2014-11-09
5.5,69.1,0.0,68.7,2014-11-10
5.8,72.8,0.0,66.5,2014-11-11
6.8,62.2,2.0,59.1,2014-11-12
0.4,36.2,0.0,51.0,2014-11-13
2.8,55.9,0.0,53.2,2014-11-14
3.2,58.5,0.0,56.7,2014-11-15
5.3,53.8,0.0,10.0,2014-11-16
5.7,66.1,0.0,76.3,2014-11-17
2.4,69.7,0.0,35.9,2014-11-18
2.1,63.1,0.0,43.7,2014-11-19
3.0,66.1,0.0,36.5,2014-11-20
4.9,67.5,0.0,38.5,2014-11-21
5.3,85.7,0.0,41.1,2014-11-22
7.4,86.2,0.0,34.2,2014-11-23
8.0,89.5,1.0,0.4,2014-11-24
9.1,67.8,0.0,51.8,2014-11-25
8.9,58.8,0.0,29.4,2014-11-26
7.8,73.5,0.0,29.2,2014-11-27
8.3,85.0,2.0,17.0,2014-11-28
8.7,76.8,0.0,57.2,2014-11-29
8.2,91.7,10.0,37.5,2014-11-30
0.7,62.2,1.0,29.7,2014-12-01
-5.1,37.8,0.0,37.7,2014-12-02
-2.9,78.2,0.0,37.8,2014-12-03
-3.5,61.1,0.0,30.5,2014-12-04
-5.8,48.5,0.0,23.1,2014-12-05
-5.5,56.9,0.0,30.9,2014-12-06
-4.2,59.5,0.0,21.0,2014-12-07
-1.8,60.9,0.0,22.1,2014-12-08
-4.2,60.7,0.0,31.3,2014-12-09
-0.7,70.9,0.0,9.6,2014-12-10
0.4,61.2,0.0,31.7,2014-12-11
-3.0,66.5,0.0,5.7,2014-12-12
-5.1,52.7,0.0,29.5,2014-12-13
-4.6,61.4,0.0,29.5,2014-12-14
-0.1,76.5,3.0,6.7,2014-12-15
-3.2,61.5,8.0,32.9,2014-12-16
-8.5,39.2,0.0,11.6,2014-12-17
-9.7,47.3,0.0,11.8,2014-12-18
-6.7,67.8,0.0,15.3,2014-12-19
-1.7,63.6,1.0,16.3,2014-12-20
-6.2,57.8,0.0,0.0,2014-12-21
-7.1,75.9,0.0,22.9,2014-12-22
-4.8,81.8,0.0,6.4,2014-12-23
0.7,76.3,0.0,23.9,2014-12-24
-3.4,57.0,0.0,17.8,2014-12-25
-5.9,60.5,0.0,10.8,2014-12-26
-5.2,67.3,0.0,59.3,2014-12-27
-3.5,73.8,0.0,0.0,2014-12-28
0.5,77.5,0.0,11.4,2014-12-29
1.1,63.0,0.0,29.2,2014-12-30
-2.5,67.4,1.0,2.9,2014-12-31
-7.3,39.8,0.0,39.7,2015-01-01
-6.2,48.5,0.0,0.0,2015-01-02
-6.4,62.5,0.0,0.0,2015-01-03
0.0,73.0,0.0,23.2,2015-01-04
0.9,86.3,0.0,9.8,2015-01-05
-0.5,61.7,0.0,26.8,2015-01-06
-6.1,41.8,0.0,13.4,2015-01-07
-6.2,58.2,0.0,20.4,2015-01-08
-4.2,69.4,0.0,8.1,2015-01-09
-2.1,62.3,0.0,21.1,2015-01-10
-0.5,63.1,0.0,11.2,2015-01-11
-4.2,57.6,0.0,18.5,2015-01-12
-2.5,67.9,0.0,21.4,2015-01-13
0.1,73.0,0.0,2.4,2015-01-14
1.9,65.9,0.0,21.9,2015-01-15
-0.8,80.2,0.0,0.6,2015-01-16
-3.4,49.3,0.0,37.7,2015-01-17
-3.2,65.9,1.0,12.0,2015-01-18
1.4,63.8,1.0,1.6,2015-01-19
-1.3,68.0,0.0,35.6,2015-01-20
1.5,73.6,0.0,0.0,2015-01-21
2.5,82.7,1.0,23.7,2015-01-22
0.0,77.6,0.0,2.5,2015-01-23
1.6,71.3,0.0,13.8,2015-01-24
2.0,77.1,1.0,20.1,2015-01-25
3.9,95.3,1.0,15.4,2015-01-26
-0.8,62.3,0.0,11.8,2015-01-27
-4.4,62.5,0.0,18.3,2015-01-28
-1.0,76.8,0.0,18.6,2015-01-29
-1.4,57.4,0.0,4.6,2015-01-30
-5.0,51.5,0.0,26.9,2015-01-31
-4.4,56.8,0.0,10.0,2015-02-01
-2.8,59.4,0.0,17.3,2015-02-02
-1.7,60.0,0.0,25.9,2015-02-03
-1.0,62.8,0.0,7.5,2015-02-04
0.4,61.8,0.0,8.1,2015-02-05
0.2,58.7,0.0,30.5,2015-02-06
-0.3,67.7,0.0,4.7,2015-02-07
-6.7,34.1,0.0,39.9,2015-02-08
-6.4,51.7,0.0,13.9,2015-02-09
1.8,61.2,0.0,9.9,2015-02-10
3.1,60.2,0.0,10.3,2015-02-11
-1.7,40.0,0.0,27.7,2015-02-12
-2.5,38.8,0.0,8.9,2015-02-13
-0.4,66.2,0.0,29.2,2015-02-14
4.7,62.7,0.0,7.0,2015-02-15
4.4,81.1,10.0,32.2,2015-02-16
2.3,77.6,1.0,21.7,2015-02-17
1.0,76.7,0.0,23.3,2015-02-18
1.6,70.2,0.0,30.4,2015-02-19
2.8,61.6,0.0,11.5,2015-02-20
5.9,70.7,4.0,29.9,2015-02-21
4.6,78.5,3.0,35.8,2015-02-22
1.5,56.2,0.0,17.2,2015-02-23
1.4,60.5,0.0,40.6,2015-02-24
4.9,51.1,0.0,57.4,2015-02-25
2.6,48.5,0.0,29.5,2015-02-26
-1.6,35.3,0.0,36.0,2015-02-27
1.1,50.8,0.0,22.2,2015-02-28
2.3,63.1,0.0,69.3,2015-03-01
1.8,48.3,0.0,13.8,2015-03-02
3.6,57.1,0.0,21.0,2015-03-03
-1.3,36.6,0.0,42.1,2015-03-04
-1.6,48.0,0.0,32.3,2015-03-05
1.9,47.6,0.0,0.0,2015-03-06
2.9,45.2,0.0,32.5,2015-03-07
5.8,43.2,0.0,6.7,2015-03-08
3.9,38.6,0.0,21.4,2015-03-09
-3.2,27.6,0.0,38.9,2015-03-10
0.3,37.8,0.0,6.8,2015-03-11
1.3,34.0,0.0,28.3,2015-03-12
5.2,49.3,8.0,30.3,2015-03-13
3.3,41.3,0.0,45.6,2015-03-14
4.7,44.0,0.0,0.3,2015-03-15
7.3,40.2,0.0,26.0,2015-03-16
9.5,42.5,0.0,51.6,2015-03-17
8.5,72.3,19.0,16.2,2015-03-18
12.2,62.7,0.0,72.0,2015-03-19
12.2,51.5,0.0,76.9,2015-03-20
10.6,37.3,0.0,111.3,2015-03-21
8.2,39.6,0.0,57.5,2015-03-22
4.0,32.1,0.0,107.6,2015-03-23
4.0,35.4,0.0,71.5,2015-03-24
4.9,34.8,0.0,86.9,2015-03-25
6.8,38.2,0.0,46.7,2015-03-26
7.9,37.9,0.0,76.5,2015-03-27
9.7,32.5,0.0,46.7,2015-03-28
11.4,40.8,0.0,51.6,2015-03-29
13.2,51.3,0.0,21.6,2015-03-30
10.8,78.8,1.0,177.1,2015-03-31
10.9,76.9,2.0,55.8,2015-04-01
14.2,60.5,0.0,45.2,2015-04-02
12.6,80.9,2.0,95.1,2015-04-03
11.8,58.8,5.0,214.0,2015-04-04
9.8,88.1,2.0,240.8,2015-04-05
10.5,77.0,0.0,186.6,2015-04-06
8.1,67.1,0.0,146.7,2015-04-07
8.6,55.3,0.0,121.2,2015-04-08
9.3,57.0,0.0,137.0,2015-04-09
10.4,50.5,0.0,91.3,2015-04-10
12.1,45.1,0.0,86.1,2015-04-11
12.7,37.2,0.0,65.1,2015-04-12
11.5,46.3,0.0,70.1,2015-04-13
7.9,76.5,12.0,90.5,2015-04-14
10.7,64.8,5.0,85.8,2015-04-15
10.1,69.1,3.0,59.8,2015-04-16
10.3,47.1,0.0,75.1,2015-04-17
13.1,40.1,0.0,90.8,2015-04-18
13.5,83.8,9.0,85.4,2015-04-19
10.7,80.2,10.0,116.0,2015-04-20
12.2,61.8,0.0,121.6,2015-04-21
13.2,51.5,0.0,152.1,2015-04-22
13.3,44.8,0.0,137.9,2015-04-23
15.4,36.5,0.0,116.8,2015-04-24
14.5,36.2,0.0,101.2,2015-04-25
16.6,43.1,0.0,96.3,2015-04-26
18.0,39.0,0.0,80.4,2015-04-27
17.8,46.3,0.0,80.3,2015-04-28
16.7,76.8,5.0,70.1,2015-04-29
19.1,63.0,0.0,75.3,2015-04-30
20.5,63.5,0.0,56.7,2015-05-01
20.7,67.3,1.0,88.1,2015-05-02
19.1,79.3,0.0,30.9,2015-05-03
16.6,49.4,0.0,52.0,2015-05-04
13.0,45.7,0.0,42.1,2015-05-05
13.9,49.2,0.0,47.3,2015-05-06
15.5,44.3,0.0,37.4,2015-05-07
15.9,45.9,0.0,42.7,2015-05-08
18.5,50.4,0.0,43.1,2015-05-09
18.3,49.3,0.0,28.2,2015-05-10
18.2,55.9,4.0,43.4,2015-05-11
15.6,61.8,9.0,33.5,2015-05-12
19.4,46.5,0.0,44.0,2015-05-13
21.5,51.0,0.0,34.5,2015-05-14
20.8,69.2,0.0,49.9,2015-05-15
18.6,54.8,0.0,26.0,2015-05-16
17.0,44.1,0.0,54.7,2015-05-17
17.5,49.0,0.0,21.3,2015-05-18
16.6,76.3,4.0,36.1,2015-05-19
15.4,66.6,1.0,21.7,2015-05-20
17.8,53.0,0.0,38.0,2015-05-21
19.6,41.4,0.0,23.9,2015-05-22
19.2,42.9,0.0,28.6,2015-05-23
19.4,41.5,0.0,28.6,2015-05-24
19.8,44.0,0.0,14.5,2015-05-25
20.7,43.8,0.0,23.9,2015-05-26
21.1,37.6,0.0,19.8,2015-05-27
23.1,40.4,0.0,19.6,2015-05-28
23.0,45.9,0.0,18.7,2015-05-29
18.9,67.1,0.0,14.4,2015-05-30
20.2,60.1,0.0,14.5,2015-05-31
21.0,54.5,0.0,20.0,2015-06-01
23.2,49.8,0.0,15.6,2015-06-02
21.3,40.3,0.0,10.4,2015-06-03
21.7,38.7,0.0,19.9,2015-06-04
16.7,65.1,0.0,11.7,2015-06-05
19.6,56.0,0.0,11.8,2015-06-06
22.8,50.0,0.0,11.5,2015-06-07
21.3,51.7,0.0,11.8,2015-06-08
22.1,58.5,0.0,16.5,2015-06-09
25.2,47.0,0.0,12.0,2015-06-10
23.9,51.7,2.0,12.0,2015-06-11
24.4,52.7,0.0,11.8,2015-06-12
25.7,44.1,0.0,12.3,2015-06-13
22.8,66.7,5.0,16.5,2015-06-14
24.2,61.9,0.0,11.9,2015-06-15
23.8,66.2,0.0,16.6,2015-06-16
24.4,60.2,0.0,12.0,2015-06-17
25.0,48.3,0.0,21.4,2015-06-18
24.4,49.0,0.0,11.9,2015-06-19
19.7,82.0,33.0,29.7,2015-06-20
22.5,64.9,0.0,29.8,2015-06-21
23.9,61.2,0.0,10.8,2015-06-22
24.9,59.8,0.0,24.3,2015-06-23
25.3,61.8,0.0,19.8,2015-06-24
23.2,67.5,3.0,37.8,2015-06-25
20.4,82.2,37.0,69.0,2015-06-26
23.3,62.7,0.0,78.0,2015-06-27
24.5,66.4,0.0,64.7,2015-06-28
25.6,60.1,0.0,82.7,2015-06-29
23.9,63.4,0.0,56.5,2015-06-30
23.0,59.6,0.0,48.2,2015-07-01
22.9,59.0,0.0,39.5,2015-07-02
22.7,56.9,0.0,37.6,2015-07-03
21.9,56.6,0.0,23.9,2015-07-04
23.6,55.9,0.0,28.6,2015-07-05
23.9,64.7,1.0,32.5,2015-07-06
20.8,75.9,4.0,28.7,2015-07-07
20.6,84.0,16.0,37.8,2015-07-08
23.6,72.6,0.0,37.8,2015-07-09
26.839282249911065,66.5,0.0,55.5,2015-07-10
27.7,67.0,1.0,14.1,2015-07-11
25.5,77.6,7.0,55.6,2015-07-12
24.9,73.4,1.0,167.7,2015-07-13
25.6,69.2,0.0,108.4,2015-07-14
25.7,66.3,0.0,94.8,2015-07-15
23.4,48.0,0.0,72.1,2015-07-16
21.9,45.5,0.0,60.3,2015-07-17
24.1,53.1,0.0,46.2,2015-07-18
24.5,77.4,0.0,50.8,2015-07-19
26.6,71.3,0.0,35.0,2015-07-20
26.4,78.2,2.0,34.9,2015-07-21
27.5,77.7,19.0,42.3,2015-07-22
26.4,84.2,25.0,41.4,2015-07-23
24.7,96.4,78.0,172.5,2015-07-24
27.1,80.6,0.0,662.3,2015-07-25
28.0,67.1,0.0,523.8,2015-07-26
25.9,79.3,0.0,304.5,2015-07-27
27.6,72.3,0.0,188.8,2015-07-28
25.9,85.3,44.0,195.6,2015-07-29
28.9,74.7,0.0,153.3,2015-07-30
29.0,71.1,0.0,131.2,2015-07-31
28.1,71.0,0.0,103.6,2015-08-01
25.5,86.0,23.0,121.4,2015-08-02
28.0,68.8,0.0,140.1,2015-08-03
27.6,67.1,0.0,118.4,2015-08-04
27.6,69.2,0.0,94.2,2015-08-05
28.6,71.5,0.0,71.3,2015-08-06
29.1,68.8,0.0,65.1,2015-08-07
26.9,77.0,9.0,59.0,2015-08-08
26.4,73.5,0.0,53.3,2015-08-09
25.8,74.9,0.0,55.0,2015-08-10
25.0,80.7,0.0,72.8,2015-08-11
25.9,62.4,0.0,47.6,2015-08-12
25.1,72.0,0.0,47.3,2015-08-13
25.3,70.3,0.0,41.8,2015-08-14
25.5,71.3,0.0,47.6,2015-08-15
23.7,81.9,4.0,54.6,2015-08-16
24.2,73.9,0.0,48.7,2015-08-17
26.5,60.9,0.0,42.7,2015-08-18
25.4,67.5,0.0,47.7,2015-08-19
24.7,77.9,1.0,41.6,2015-08-20
23.8,81.2,3.0,30.8,2015-08-21
24.1,75.4,0.0,42.8,2015-08-22
24.8,71.6,0.0,37.0,2015-08-23
25.7,63.4,0.0,25.0,2015-08-24
21.3,81.2,19.0,37.8,2015-08-25
22.0,67.4,0.0,700.4,2015-08-26
23.4,64.5,1.0,432.4,2015-08-27
21.6,78.3,0.0,194.9,2015-08-28
23.0,71.1,0.0,125.9,2015-08-29
23.3,68.7,6.0,100.5,2015-08-30
24.4,67.7,0.0,65.2,2015-08-31
24.0,64.2,2.0,84.7,2015-09-01
21.9,82.0,2.0,68.7,2015-09-02
22.3,79.1,1.0,65.3,2015-09-03
24.0,67.8,0.0,56.0,2015-09-04
21.8,79.3,15.0,62.6,2015-09-05
21.0,65.8,0.0,56.1,2015-09-06
20.5,59.2,0.0,51.1,2015-09-07
19.9,51.2,0.0,59.2,2015-09-08
19.0,57.0,0.0,62.7,2015-09-09
19.1,66.8,0.0,46.0,2015-09-10
19.8,77.9,4.0,49.6,2015-09-11
17.7,77.3,12.0,49.6,2015-09-12
17.4,63.9,0.0,43.3,2015-09-13
18.3,63.1,0.0,36.6,2015-09-14
18.8,57.0,0.0,36.4,2015-09-15
18.6,58.9,0.0,30.0,2015-09-16
19.4,58.0,0.0,36.3,2015-09-17
19.5,64.2,0.0,16.8,2015-09-18
19.2,68.4,0.0,30.2,2015-09-19
19.1,70.0,0.0,23.4,2015-09-20
19.5,66.8,0.0,23.5,2015-09-21
20.4,59.0,0.0,16.3,2015-09-22
18.5,68.8,0.0,23.3,2015-09-23
20.3,71.2,0.0,17.0,2015-09-24
20.7,65.2,0.0,23.3,2015-09-25
18.5,75.3,0.0,23.4,2015-09-26
18.5,67.5,0.0,10.3,2015-09-27
19.2,56.3,0.0,23.3,2015-09-28
20.6,49.8,0.0,10.1,2015-09-29
20.1,46.6,0.0,20.1,2015-09-30
17.7,78.0,24.0,41.1,2015-10-01
14.6,52.6,0.0,35.7,2015-10-02
17.9,61.5,0.0,29.9,2015-10-03
13.7,63.2,0.0,42.9,2015-10-04
15.2,64.0,0.0,36.5,2015-10-05
15.1,69.2,0.0,21.6,2015-10-06
16.1,69.9,0.0,33.3,2015-10-07
16.8,66.2,0.0,24.9,2015-10-08
15.1,50.7,0.0,11.6,2015-10-09
10.6,76.0,5.0,18.0,2015-10-10
10.3,80.2,4.0,31.8,2015-10-11
11.5,69.0,0.0,11.7,2015-10-12
11.5,69.1,0.0,18.4,2015-10-13
14.1,68.2,0.0,24.9,2015-10-14
14.2,68.6,0.0,11.5,2015-10-15
14.0,74.2,0.0,18.4,2015-10-16
14.9,74.1,0.0,25.0,2015-10-17
14.4,72.0,0.0,13.9,2015-10-18
15.0,71.0,0.0,7.1,2015-10-19
14.7,76.3,0.0,13.8,2015-10-20
15.1,77.3,0.0,12.1,2015-10-21
16.2,70.1,0.0,18.6,2015-10-22
15.7,74.0,0.0,12.1,2015-10-23
14.7,78.2,1.0,13.5,2015-10-24
13.8,59.7,0.0,14.1,2015-10-25
15.0,52.6,0.0,6.0,2015-10-26
12.9,66.2,22.0,27.0,2015-10-27
9.3,56.2,0.0,14.1,2015-10-28
8.7,46.1,1.0,23.7,2015-10-29
4.5,58.5,0.0,10.4,2015-10-30
3.3,56.7,0.0,10.8,2015-10-31
3.9,66.0,0.0,16.8,2015-11-01
8.1,64.7,0.0,11.2,2015-11-02
7.6,77.4,0.0,17.6,2015-11-03
7.5,73.4,0.0,12.1,2015-11-04
9.9,68.2,0.0,12.0,2015-11-05
12.0,65.2,1.0,18.6,2015-11-06
12.3,79.8,13.0,21.4,2015-11-07
12.4,80.0,8.0,35.6,2015-11-08
11.6,84.3,5.0,30.6,2015-11-09
10.4,76.3,0.0,80.7,2015-11-10
10.0,76.0,0.0,83.2,2015-11-11
12.2,70.5,0.0,76.8,2015-11-12
12.0,72.5,18.0,77.0,2015-11-13
12.7,90.7,7.0,77.3,2015-11-14
13.0,80.5,0.0,146.2,2015-11-15
11.3,88.3,11.0,177.1,2015-11-16
13.2,92.9,1.0,145.4,2015-11-17
11.3,65.8,2.0,146.7,2015-11-18
10.0,70.3,0.0,127.3,2015-11-19
9.9,80.3,0.0,142.2,2015-11-20
9.0,81.3,0.0,129.4,2015-11-21
11.9,69.0,0.0,109.4,2015-11-22
9.4,83.9,7.0,96.1,2015-11-23
7.6,68.9,0.0,92.4,2015-11-24
4.4,82.9,9.0,113.8,2015-11-25
-0.3,63.3,0.0,114.4,2015-11-26
-1.5,60.5,0.0,93.4,2015-11-27
1.0,67.8,0.0,108.3,2015-11-28
4.0,75.0,0.0,79.7,2015-11-29
4.7,74.3,0.0,65.5,2015-11-30
5.996582839823297,75.54783784730357,0.0,72.9,2015-12-01
5.1,79.5,8.0,66.0,2015-12-02
0.1,80.1,12.0,75.5,2015-12-03
-1.0,70.5,0.0,83.0,2015-12-04
3.0,71.8,0.0,97.8,2015-12-05
0.8,70.3,0.0,76.2,2015-12-06
0.7,72.5,0.0,70.1,2015-12-07
2.7,65.0,0.0,81.6,2015-12-08
2.4,75.1,0.0,59.7,2015-12-09
6.1,86.8,5.0,69.6,2015-12-10
7.1,61.5,0.0,77.2,2015-12-11
2.9,64.7,0.0,54.8,2015-12-12
4.1,68.8,0.0,92.6,2015-12-13
5.2,84.5,7.0,62.5,2015-12-14
5.9,73.8,2.0,70.2,2015-12-15
1.0,50.9,0.0,62.6,2015-12-16
-3.9,44.5,0.0,63.0,2015-12-17
-3.6,64.5,0.0,68.2,2015-12-18
-0.4,68.5,0.0,76.2,2015-12-19
-1.1,75.0,0.0,22.5,2015-12-20
1.3,84.7,1.0,45.7,2015-12-21
3.1,79.0,0.0,53.4,2015-12-22
5.1,88.0,0.0,45.6,2015-12-23
2.6,76.0,0.0,53.2,2015-12-24
-1.1,49.5,0.0,30.3,2015-12-25
2.1,64.0,0.0,53.4,2015-12-26
-2.9,47.4,0.0,30.4,2015-12-27
-6.2,45.8,0.0,24.9,2015-12-28
-5.7,58.1,0.0,35.3,2015-12-29
-1.8,67.0,2.0,32.7,2015-12-30
0.8,83.4,0.0,71.2,2015-12-31
-1.2,78.6,0.0,0.0,2016-01-01
3.6,74.2,0.0,27.3,2016-01-02
3.5,81.3,0.0,30.0,2016-01-03
4.4,54.9,0.0,58.1,2016-01-04
-1.8,44.5,0.0,34.9,2016-01-05
-2.2,56.4,0.0,27.4,2016-01-06
-3.0,53.5,0.0,32.3,2016-01-07
-3.8,53.9,0.0,1.5,2016-01-08
-0.8,56.5,0.0,32.2,2016-01-09
0.7,50.1,0.0,32.3,2016-01-10
-4.0,42.9,0.0,9.3,2016-01-11
-5.1,52.3,0.0,32.3,2016-01-12
-2.5,64.5,0.0,16.9,2016-01-13
-3.1,50.8,0.0,9.4,2016-01-14
-2.4,74.0,0.0,27.4,2016-01-15
-2.2,70.2,0.0,19.7,2016-01-16
1.2,71.1,0.0,4.4,2016-01-17
-3.4,60.8,0.0,40.0,2016-01-18
-10.3,40.4,0.0,11.9,2016-01-19
-11.1,53.4,0.0,19.6,2016-01-20
-7.9,55.2,0.0,34.7,2016-01-21
-7.6,49.7,0.0,0.0,2016-01-22
-8.3,28.0,0.0,12.2,2016-01-23
-13.3,39.6,0.0,12.3,2016-01-24
-10.0,51.5,0.0,9.8,2016-01-25
-5.2,72.9,0.0,7.4,2016-01-26
-2.7,63.8,0.0,22.5,2016-01-27
-2.5,64.5,0.0,0.2,2016-01-28
3.2,58.0,0.0,32.6,2016-01-29
1.6,65.2,0.0,12.7,2016-01-30
-3.0,51.8,0.0,20.3,2016-01-31
-5.8,46.2,0.0,3.3,2016-02-01
-6.8,48.2,0.0,4.1,2016-02-02
-5.3,54.0,0.0,13.6,2016-02-03
-1.0,51.8,0.0,21.3,2016-02-04
-3.1,46.3,0.0,0.0,2016-02-05
-3.0,50.4,0.0,1.6,2016-02-06
-4.9,48.5,0.0,35.4,2016-02-07
-1.8495857332725727,43.01637417971759,0.0,0.0,2016-02-08
1.1,43.8,0.0,16.5,2016-02-09
0.0,48.5,0.0,9.3,2016-02-10
5.4,40.2,0.0,12.3,2016-02-11
9.4,78.8,13.0,16.8,2016-02-12
11.7,90.6,16.0,57.2,2016-02-13
0.0,71.2,0.0,35.5,2016-02-14
-4.8,45.0,0.0,82.6,2016-02-15
-2.4,68.6,0.0,70.5,2016-02-16
-1.3,53.1,0.0,56.2,2016-02-17
2.2,58.3,0.0,56.1,2016-02-18
2.3,62.3,0.0,13.4,2016-02-19
1.9,51.1,0.0,70.7,2016-02-20
-0.6,35.9,0.0,41.8,2016-02-21
1.0,43.5,0.0,8.6,2016-02-22
1.7,51.5,0.0,8.7,2016-02-23
-2.6,46.2,0.0,52.2,2016-02-24
-0.9,50.7,0.0,37.8,2016-02-25
2.6,59.0,0.0,4.3,2016-02-26
2.6,70.5,3.0,13.3,2016-02-27
0.4,80.8,14.0,35.0,2016-02-28
-4.6,67.6,0.0,32.8,2016-02-29
-4.9,59.0,0.0,23.1,2016-03-01
1.2,65.7,0.0,23.3,2016-03-02
5.0,66.2,0.0,9.2,2016-03-03
9.1,67.8,1.0,16.6,2016-03-04
13.1,77.0,15.0,9.7,2016-03-05
9.7,67.8,1.0,123.5,2016-03-06
7.5,59.2,0.0,280.6,2016-03-07
4.4,42.3,0.0,224.9,2016-03-08
2.4,39.7,0.0,146.0,2016-03-09
0.6,33.6,0.0,102.6,2016-03-10
-0.4,42.8,0.0,83.5,2016-03-11
1.1,51.0,0.0,85.3,2016-03-12
2.1,63.2,0.0,49.0,2016-03-13
2.9,62.5,0.0,54.5,2016-03-14
4.5,47.0,0.0,59.0,2016-03-15
7.4,35.4,0.0,44.6,2016-03-16
8.2,38.9,0.0,30.3,2016-03-17
9.7,63.7,0.0,69.2,2016-03-18
9.5,71.7,0.0,27.7,2016-03-19
8.9,56.0,0.0,42.0,2016-03-20
9.5,50.0,0.0,19.2,2016-03-21
8.8,41.9,0.0,45.0,2016-03-22
7.9,41.8,0.0,52.2,2016-03-23
6.4,43.3,0.0,23.9,2016-03-24
6.3,48.8,0.0,26.9,2016-03-25
5.7,43.8,0.0,35.4,2016-03-26
6.0,40.5,0.0,42.6,2016-03-27
7.6,35.2,0.0,27.4,2016-03-28
12.0,41.9,0.0,17.7,2016-03-29
12.7,43.8,0.0,31.8,2016-03-30
10.9,37.0,0.0,45.8,2016-03-31
13.5,36.3,0.0,13.2,2016-04-01
14.6,36.9,0.0,21.9,2016-04-02
11.8,58.6,1.0,36.3,2016-04-03
12.8,60.2,0.0,36.7,2016-04-04
11.9,35.8,0.0,7.5,2016-04-05
13.3,39.6,3.0,35.3,2016-04-06
12.8,73.0,15.0,69.2,2016-04-07
13.7,60.0,0.0,19.7,2016-04-08
14.5,67.2,0.0,74.9,2016-04-09
16.9,58.2,0.0,107.8,2016-04-10
12.5,43.0,0.0,85.4,2016-04-11
13.4,41.6,0.0,71.1,2016-04-12
13.5,79.7,16.0,103.6,2016-04-13
15.2,64.5,0.0,65.1,2016-04-14
14.9,48.1,0.0,74.1,2016-04-15
14.5,56.8,12.0,101.9,2016-04-16
12.6,51.4,12.0,102.0,2016-04-17
11.6,51.9,3.0,311.4,2016-04-18
11.9,52.4,0.0,245.8,2016-04-19
12.4,60.6,2.0,187.8,2016-04-20
13.7,81.2,20.0,207.5,2016-04-21
18.2,61.5,0.0,208.0,2016-04-22
14.2,53.6,0.0,240.6,2016-04-23
14.1,41.3,0.0,142.4,2016-04-24
15.9,45.5,0.0,162.1,2016-04-25
19.4,43.7,0.0,102.9,2016-04-26
13.9,56.4,4.0,143.4,2016-04-27
14.5,52.6,0.0,107.6,2016-04-28
16.1,45.1,0.0,76.6,2016-04-29
16.0,50.4,0.0,49.8,2016-04-30
18.0,47.2,0.0,98.1,2016-05-01
19.5,55.1,7.0,86.9,2016-05-02
15.4,74.3,13.0,42.7,2016-05-03
16.6,35.0,0.0,143.4,2016-05-04
18.3,39.4,1.0,118.5,2016-05-05
18.8,63.7,0.0,146.3,2016-05-06
16.1,56.6,0.0,74.6,2016-05-07
18.2,49.2,0.0,79.2,2016-05-08
19.5,46.6,0.0,57.4,2016-05-09
14.0,77.7,18.0,79.9,2016-05-10
16.5,66.1,1.0,80.9,2016-05-11
18.1,60.5,0.0,75.1,2016-05-12
17.4,58.5,0.0,72.8,2016-05-13
19.3,45.9,0.0,60.3,2016-05-14
19.6,60.4,14.0,66.1,2016-05-15
14.8,55.8,5.0,61.6,2016-05-16
16.9,53.9,0.0,52.6,2016-05-17
20.0,51.9,0.0,61.5,2016-05-18
21.6,43.8,0.0,58.7,2016-05-19
20.8,38.0,0.0,51.1,2016-05-20
20.6,37.5,0.0,44.1,2016-05-21
21.2,40.3,0.0,39.9,2016-05-22
21.8,40.7,0.0,37.6,2016-05-23
18.0,74.0,20.0,43.0,2016-05-24
18.6,70.2,0.0,48.8,2016-05-25
19.6,71.2,0.0,43.2,2016-05-26
21.1,58.8,0.0,36.3,2016-05-27
21.3,54.8,0.0,38.8,2016-05-28
20.2,60.7,0.0,33.2,2016-05-29
20.9,55.8,0.0,25.3,2016-05-30
21.6,57.0,0.0,32.1,2016-05-31
22.3,48.4,0.0,21.1,2016-06-01
21.1,44.2,0.0,26.7,2016-06-02
21.4,51.6,0.0,14.7,2016-06-03
19.9,59.6,0.0,27.9,2016-06-04
22.6,51.6,0.0,11.4,2016-06-05
19.8,62.6,0.0,28.0,2016-06-06
21.9,63.5,0.0,20.7,2016-06-07
21.9,60.5,0.0,15.3,2016-06-08
22.9,58.7,0.0,21.9,2016-06-09
25.0,59.1,0.0,15.7,2016-06-10
25.0,63.9,1.0,28.3,2016-06-11
24.3,74.5,3.0,6.8,2016-06-12
24.5,62.8,0.0,26.8,2016-06-13
24.3,62.5,0.0,27.7,2016-06-14
22.1,74.9,11.0,22.5,2016-06-15
21.9,70.5,0.0,17.2,2016-06-16
23.4,59.0,0.0,38.0,2016-06-17
25.0,58.6,0.0,23.3,2016-06-18
24.6,58.8,0.0,28.8,2016-06-19
24.7,60.3,0.0,22.3,2016-06-20
25.5,58.4,0.0,16.5,2016-06-21
26.2,59.3,0.0,18.9,2016-06-22
26.3,58.4,0.0,18.9,2016-06-23
22.1,82.4,23.0,28.9,2016-06-24
22.8,57.4,0.0,30.0,2016-06-25
23.0,59.4,0.0,30.0,2016-06-26
22.6,61.7,0.0,13.2,2016-06-27
23.5,61.6,0.0,29.5,2016-06-28
24.1,59.2,0.0,13.8,2016-06-29
25.9,67.2,0.0,19.1,2016-06-30
25.0,77.3,59.0,55.9,2016-07-01
23.9,78.8,18.0,171.7,2016-07-02
23.2,76.3,1.0,290.7,2016-07-03
21.3,89.4,120.0,1045.8,2016-07-04
25.8,78.4,50.0,3663.7,2016-07-05
24.2,84.8,26.0,3588.3,2016-07-06
24.6,81.5,1.0,1748.6,2016-07-07
26.9,70.2,0.0,751.4,2016-07-08
26.8,68.2,0.0,395.9,2016-07-09
26.4,69.2,0.0,249.8,2016-07-10
27.2,68.3,0.0,145.3,2016-07-11
24.6,81.7,10.0,113.6,2016-07-12
25.7,71.5,0.0,92.6,2016-07-13
24.6,70.6,7.0,129.2,2016-07-14
24.8,63.3,0.0,88.0,2016-07-15
21.4,82.1,54.0,279.9,2016-07-16
22.8,79.1,0.0,995.0,2016-07-17
23.3,74.9,1.0,570.8,2016-07-18
25.6,70.7,0.0,382.7,2016-07-19
26.0,68.3,0.0,254.1,2016-07-20
25.8,66.4,0.0,213.6,2016-07-21
27.4,61.3,0.0,165.0,2016-07-22
28.4,62.5,0.0,142.5,2016-07-23
28.6,70.1,0.0,112.5,2016-07-24
28.0,77.3,0.0,105.3,2016-07-25
28.0,68.4,0.0,145.0,2016-07-26
27.0,76.3,1.0,122.5,2016-07-27
28.4,69.4,6.0,107.6,2016-07-28
25.3,84.5,10.0,110.1,2016-07-29
26.3,86.6,2.0,75.2,2016-07-30
27.8,77.1,0.0,82.7,2016-07-31
27.3,75.8,0.0,73.1,2016-08-01
26.6,78.4,30.0,92.9,2016-08-02
27.3,73.9,0.0,93.0,2016-08-03
28.4,69.6,0.0,97.8,2016-08-04
29.1,67.2,0.0,75.6,2016-08-05
29.3,68.1,0.0,68.4,2016-08-06
29.3,69.6,0.0,53.8,2016-08-07
29.2,64.9,0.0,46.7,2016-08-08
28.9,67.0,0.0,47.1,2016-08-09
28.7,69.8,0.0,40.2,2016-08-10
28.8,68.5,0.0,47.6,2016-08-11
29.1,68.8,0.0,26.3,2016-08-12
28.7,68.8,0.0,33.9,2016-08-13
27.9,76.5,0.0,27.2,2016-08-14
28.6,69.8,0.0,27.7,2016-08-15
29.1,66.1,0.0,28.2,2016-08-16
28.3,63.3,0.0,21.5,2016-08-17
29.0,62.1,0.0,29.1,2016-08-18
29.3,60.1,0.0,36.5,2016-08-19
29.6,52.4,0.0,23.0,2016-08-20
28.3,57.0,0.0,16.7,2016-08-21
28.4,60.3,0.0,24.2,2016-08-22
29.0,55.1,0.0,10.0,2016-08-23
28.0,48.5,0.0,18.7,2016-08-24
27.2,57.9,0.0,19.2,2016-08-25
20.2,72.3,11.0,33.3,2016-08-26
21.5,56.9,0.0,20.5,2016-08-27
19.7,75.0,4.0,54.0,2016-08-28
19.2,72.4,1.0,41.3,2016-08-29
19.2,72.5,0.0,244.9,2016-08-30
18.5,79.6,22.0,199.5,2016-08-31
24.0,67.6,0.0,133.3,2016-09-01
22.0,75.6,1.0,133.3,2016-09-02
23.3,76.3,0.0,113.3,2016-09-03
25.0,79.1,6.0,106.7,2016-09-04
24.9,82.4,3.0,99.2,2016-09-05
23.1,78.7,0.0,146.0,2016-09-06
22.8,77.7,0.0,112.0,2016-09-07
22.1,78.4,0.0,99.7,2016-09-08
22.5,75.2,0.0,75.0,2016-09-09
23.3,72.0,0.0,78.2,2016-09-10
23.7,68.9,0.0,78.2,2016-09-11
23.2,70.5,0.0,61.7,2016-09-12
22.8,70.4,0.0,62.6,2016-09-13
23.1,72.8,7.0,62.7,2016-09-14
22.2,75.5,0.0,51.3,2016-09-15
22.1,75.7,1.0,49.3,2016-09-16
20.0,93.0,27.0,85.3,2016-09-17
20.8,72.8,0.0,80.0,2016-09-18
19.9,61.3,0.0,92.2,2016-09-19
18.7,51.7,0.0,78.9,2016-09-20
17.0,67.9,0.0,75.4,2016-09-21
19.8,61.1,0.0,64.7,2016-09-22
19.3,71.3,0.0,67.8,2016-09-23
20.2,71.8,0.0,54.8,2016-09-24
20.0,78.9,0.0,47.9,2016-09-25
20.7,78.3,0.0,47.0,2016-09-26
20.9,92.0,6.0,43.9,2016-09-27
21.3,80.0,0.0,44.0,2016-09-28
19.2,67.0,0.0,36.9,2016-09-29
17.9,79.3,0.0,38.3,2016-09-30
18.7,80.3,0.0,26.1,2016-10-01
20.7,74.5,0.0,33.9,2016-10-02
23.0,83.3,23.0,57.9,2016-10-03
22.1,69.0,0.0,33.0,2016-10-04
18.7,82.8,13.0,56.0,2016-10-05
18.0,75.5,0.0,63.0,2016-10-06
17.7,78.7,10.0,78.0,2016-10-07
17.1,74.2,15.0,103.4,2016-10-08
11.1,58.5,0.0,103.6,2016-10-09
12.0,74.8,0.0,86.5,2016-10-10
13.1,79.8,0.0,74.2,2016-10-11
13.6,72.9,0.0,60.0,2016-10-12
12.9,70.5,0.0,55.8,2016-10-13
13.1,75.0,0.0,56.6,2016-10-14
15.1,78.8,0.0,43.7,2016-10-15
16.0,86.2,0.0,36.7,2016-10-16
16.7,83.7,2.0,7.1,2016-10-17
16.3,83.0,0.0,37.8,2016-10-18
16.0,81.2,0.0,28.8,2016-10-19
15.5,78.2,0.0,42.9,2016-10-20
16.8,62.0,0.0,18.2,2016-10-21
17.0,65.9,0.0,33.3,2016-10-22
13.6,68.0,4.0,26.4,2016-10-23
12.9,67.7,0.0,32.8,2016-10-24
13.3,89.3,27.0,46.9,2016-10-25
12.8,87.8,0.0,78.4,2016-10-26
14.4,74.9,0.0,79.6,2016-10-27
13.0,85.3,3.0,73.1,2016-10-28
8.7,75.9,0.0,63.3,2016-10-29
5.2,60.9,0.0,63.1,2016-10-30
6.2,71.0,0.0,37.3,2016-10-31
2.0,53.0,0.0,53.8,2016-11-01
2.4,61.5,0.0,46.9,2016-11-02
6.5,77.8,0.0,40.0,2016-11-03
9.0,72.8,0.0,29.3,2016-11-04
12.9,75.1,0.0,43.8,2016-11-05
12.9,66.1,0.0,43.8,2016-11-06
14.1,62.8,2.0,36.2,2016-11-07
6.9,64.7,2.0,33.1,2016-11-08
1.6,62.0,0.0,33.1,2016-11-09
5.5,76.3,6.0,46.9,2016-11-10
7.9,73.8,0.0,26.2,2016-11-11
7.5,71.3,0.0,30.1,2016-11-12
11.5,72.8,0.0,29.9,2016-11-13
13.8,77.1,0.0,29.3,2016-11-14
8.2,52.3,0.0,33.1,2016-11-15
3.3,62.6,0.0,33.1,2016-11-16
4.8,67.8,0.0,26.3,2016-11-17
7.2,79.7,7.0,40.0,2016-11-18
11.4,93.9,1.0,23.1,2016-11-19
10.7,75.2,0.0,36.9,2016-11-20
6.9,84.8,0.0,19.3,2016-11-21
4.5,65.6,1.0,35.0,2016-11-22
0.6,44.0,0.0,21.2,2016-11-23
-2.3,45.9,0.0,26.3,2016-11-24
-1.9,61.9,0.0,19.4,2016-11-25
-1.3,80.8,0.0,30.0,2016-11-26
3.2,80.7,0.0,9.4,2016-11-27
2.0,68.1,0.0,29.5,2016-11-28
-0.5,60.8,0.0,26.3,2016-11-29
4.5,71.3,1.0,5.9,2016-11-30
5.1,59.1,0.0,38.3,2016-12-01
-0.8,57.4,0.0,14.4,2016-12-02
0.4,67.0,0.0,16.4,2016-12-03
1.6,73.5,0.0,22.4,2016-12-04
6.6,68.1,0.0,11.3,2016-12-05
-0.6,48.2,0.0,33.2,2016-12-06
-1.4,73.3,0.0,14.7,2016-12-07
1.3,82.9,0.0,7.9,2016-12-08
3.1,69.8,3.0,28.2,2016-12-09
-2.5,63.4,0.0,16.5,2016-12-10
-3.3,65.6,0.0,43.5,2016-12-11
0.7,64.6,0.0,8.0,2016-12-12
2.6,70.6,0.0,28.3,2016-12-13
0.1,79.9,0.0,21.8,2016-12-14
-2.4,50.2,0.0,8.1,2016-12-15
-5.1,50.3,0.0,19.9,2016-12-16
2.3,59.0,0.0,16.6,2016-12-17
1.8,76.9,0.0,16.7,2016-12-18
5.3,79.9,0.0,26.6,2016-12-19
5.8,79.5,0.0,15.0,2016-12-20
6.6,82.1,15.0,41.7,2016-12-21
8.6,80.4,14.0,36.7,2016-12-22
-0.1,74.3,2.0,134.0,2016-12-23
-1.6,67.0,0.0,173.8,2016-12-24
-0.4,80.5,0.0,154.6,2016-12-25
2.3,89.2,6.0,86.1,2016-12-26
-0.2,71.3,2.0,94.4,2016-12-27
-4.2,66.8,0.0,78.8,2016-12-28
-3.7,56.5,0.0,68.1,2016-12-29
-4.6,62.4,0.0,55.7,2016-12-30
